"","date","cell","element","type","censored","value","treatment","si","tmp","ph","mnfe","phase","number_of_changes","total_changes","epred"
"1",2022-02-10,1,"208Pb","dissolved","none",19.0870343739976,0,-1,-1,-1,-1,2,1,67,11.2316071258148
"2",2022-02-10,2,"208Pb","dissolved","none",5.41454600713134,1,1,-1,-1,-1,2,1,67,10.8978407202458
"3",2022-02-10,3,"208Pb","dissolved","none",4.91783889623655,2,-1,1,-1,-1,2,1,67,28.0705024297372
"4",2022-02-10,4,"208Pb","dissolved","none",5.06538798812457,3,1,1,-1,-1,2,1,67,22.2654535274433
"5",2022-02-10,5,"208Pb","dissolved","none",3.6189802985417,4,0,0,-1,0,2,1,67,13.7719263754346
"6",2022-02-10,6,"208Pb","dissolved","none",6.78249434217952,5,-1,-1,-1,1,2,1,67,7.32874792488812
"7",2022-02-10,7,"208Pb","dissolved","none",5.92217489745836,6,1,-1,-1,1,2,1,67,5.60861767368467
"8",2022-02-10,8,"208Pb","dissolved","none",53.5103544508294,7,-1,1,-1,1,2,1,67,13.9915688016879
"9",2022-02-10,9,"208Pb","dissolved","none",86.8442169889139,8,1,1,-1,1,2,1,67,29.8104263233276
"10",2022-02-10,10,"208Pb","dissolved","none",3.54503103629875,9,0,0,0,-1,2,1,67,16.2174928989303
"11",2022-02-10,12,"208Pb","dissolved","none",4.11761970746571,11,1,0,0,0,2,1,67,14.1999499128511
"12",2022-02-10,13,"208Pb","dissolved","none",9.86804701325536,12,-1,0,0,0,2,1,67,11.1304190955768
"13",2022-02-10,14,"208Pb","dissolved","none",6.67115707252998,13,0,1,0,0,2,1,67,15.9760870856784
"14",2022-02-10,15,"208Pb","dissolved","none",6.34886505430622,14,0,-1,0,0,2,1,67,10.5334332315202
"15",2022-02-10,16,"208Pb","dissolved","none",4.78453306154839,15,0,0,0,0,2,1,67,13.2755208649678
"16",2022-02-10,17,"208Pb","dissolved","none",9.38237778303382,16,0,0,0,1,2,1,67,10.0428532142251
"17",2022-02-10,18,"208Pb","dissolved","none",159.568506819816,17,-1,-1,1,-1,2,1,67,12.8860036822022
"18",2022-02-10,19,"208Pb","dissolved","none",6.04900028714171,18,1,-1,1,-1,2,1,67,17.8658878133995
"19",2022-02-10,20,"208Pb","dissolved","none",96.3829834951747,19,-1,1,1,-1,2,1,67,11.3081430547287
"20",2022-02-10,21,"208Pb","dissolved","none",65.4675800345583,20,1,1,1,-1,2,1,67,27.7250459488954
"21",2022-02-10,22,"208Pb","dissolved","none",168.532419436082,21,0,0,1,0,2,1,67,11.7697600281179
"22",2022-02-10,23,"208Pb","dissolved","none",8.23389822672764,22,-1,-1,1,1,2,1,67,7.22658565218336
"23",2022-02-10,24,"208Pb","dissolved","none",28.0150471392279,23,1,-1,1,1,2,1,67,13.1493276362065
"24",2022-02-10,25,"208Pb","dissolved","none",7.87940237612923,24,-1,1,1,1,2,1,67,6.81788812119144
"25",2022-02-10,26,"208Pb","dissolved","none",5.65856560290671,10,1,1,1,1,2,1,67,7.81105270765085
"26",2022-02-10,27,"208Pb","dissolved","none",100.177606735165,0,-1,-1,-1,-1,2,1,67,16.3094075444322
"27",2022-02-10,28,"208Pb","dissolved","none",3.69535727761444,1,1,-1,-1,-1,2,1,67,15.82433741351
"28",2022-02-10,29,"208Pb","dissolved","none",9.39268978440869,2,-1,1,-1,-1,2,1,67,40.7353103682572
"29",2022-02-10,30,"208Pb","dissolved","none",6.52342376603428,3,1,1,-1,-1,2,1,67,32.2740816976138
"30",2022-02-10,31,"208Pb","dissolved","none",4.07940897725225,4,0,0,-1,0,2,1,67,19.9302039819715
"31",2022-02-10,32,"208Pb","dissolved","none",12.4034526442956,5,-1,-1,-1,1,2,1,67,10.5844223389376
"32",2022-02-10,33,"208Pb","dissolved","none",144.058364818736,6,1,-1,-1,1,2,1,67,8.08116445230197
"33",2022-02-10,34,"208Pb","dissolved","none",22.279584943303,7,-1,1,-1,1,2,1,67,20.1076209894346
"34",2022-02-10,35,"208Pb","dissolved","none",5.71088225999651,8,1,1,-1,1,2,1,67,42.7235647081193
"35",2022-02-10,36,"208Pb","dissolved","none",54.8824728356177,9,0,0,0,-1,2,1,67,23.1764450111877
"36",2022-02-10,38,"208Pb","dissolved","none",9.90470988814078,11,1,0,0,0,2,1,67,20.1762052783437
"37",2022-02-10,39,"208Pb","dissolved","none",9.52554020420142,12,-1,0,0,0,2,1,67,15.7700553069808
"38",2022-02-10,40,"208Pb","dissolved","none",43.5731934632084,13,0,1,0,0,2,1,67,22.5738227123862
"39",2022-02-10,41,"208Pb","dissolved","none",4.26556352003559,14,0,-1,0,0,2,1,67,14.844680959358
"40",2022-02-10,42,"208Pb","dissolved","none",11.2842272519371,15,0,0,0,0,2,1,67,18.6626693546694
"41",2022-02-10,43,"208Pb","dissolved","none",51.4717445822481,16,0,0,0,1,2,1,67,14.0847937477061
"42",2022-02-10,44,"208Pb","dissolved","none",5.55341283788732,17,-1,-1,1,-1,2,1,67,18.031059103212
"43",2022-02-10,45,"208Pb","dissolved","none",3.06773355291297,18,1,-1,1,-1,2,1,67,24.94356356708
"44",2022-02-10,46,"208Pb","dissolved","none",8.53768207164992,19,-1,1,1,-1,2,1,67,15.7527208003746
"45",2022-02-10,47,"208Pb","dissolved","none",28.6348868330509,20,1,1,1,-1,2,1,67,38.5337277380626
"46",2022-02-10,48,"208Pb","dissolved","none",249.862781668066,21,0,0,1,0,2,1,67,16.3187656819543
"47",2022-02-10,49,"208Pb","dissolved","none",41.0856146347418,22,-1,-1,1,1,2,1,67,9.9936019723005
"48",2022-02-10,50,"208Pb","dissolved","none",25.1557399081775,23,1,-1,1,1,2,1,67,18.1322993601517
"49",2022-02-10,51,"208Pb","dissolved","none",20.4516875885487,24,-1,1,1,1,2,1,67,9.37189495897401
"50",2022-02-10,52,"208Pb","dissolved","none",87.7055659228844,10,1,1,1,1,2,1,67,10.6995709743636
"51",2022-04-20,1,"208Pb","dissolved","none",26.0258485236092,0,-1,-1,-1,-1,2,1,105,26.9531492721539
"52",2022-04-20,2,"208Pb","dissolved","none",63.1733861455042,1,1,-1,-1,-1,2,1,105,26.1047464996883
"53",2022-04-20,3,"208Pb","dissolved","none",33.8472578205204,2,-1,1,-1,-1,2,1,105,67.0955567673995
"54",2022-04-20,4,"208Pb","dissolved","none",16.7293429829399,3,1,1,-1,-1,2,1,105,53.0868640419466
"55",2022-04-20,5,"208Pb","dissolved","none",20.6863491235084,4,0,0,-1,0,2,1,105,32.742325422102
"56",2022-04-20,6,"208Pb","dissolved","none",4.2712290197031,5,-1,-1,-1,1,2,1,105,17.3682170967763
"57",2022-04-20,7,"208Pb","dissolved","none",137.542509326437,6,1,-1,-1,1,2,1,105,13.2449465825877
"58",2022-04-20,8,"208Pb","dissolved","none",67.0928740239334,7,-1,1,-1,1,2,1,105,32.9152551973471
"59",2022-04-20,9,"208Pb","dissolved","none",58.6932524990671,8,1,1,-1,1,2,1,105,69.8415489799049
"60",2022-04-20,10,"208Pb","dissolved","none",28.5980509177954,9,0,0,0,-1,2,1,105,37.8298687977973
"61",2022-04-20,12,"208Pb","dissolved","none",48.1055714553681,11,1,0,0,0,2,1,105,32.8152403028153
"62",2022-04-20,13,"208Pb","dissolved","none",28.7054484701035,12,-1,0,0,0,2,1,105,25.595049487306
"63",2022-04-20,14,"208Pb","dissolved","none",60.3414436244566,13,0,1,0,0,2,1,105,36.551678120332
"64",2022-04-20,15,"208Pb","dissolved","none",43.1530304322988,14,0,-1,0,0,2,1,105,23.9742554844574
"65",2022-04-20,16,"208Pb","dissolved","none",62.9871365360603,15,0,0,0,0,2,1,105,30.0551547077084
"66",2022-04-20,17,"208Pb","dissolved","none",4.30027247012121,16,0,0,0,1,2,1,105,22.614004324099
"67",2022-04-20,18,"208Pb","dissolved","none",12.1962341880279,17,-1,-1,1,-1,2,1,105,28.8574288438096
"68",2022-04-20,19,"208Pb","dissolved","none",48.8152536681647,18,1,-1,1,-1,2,1,105,39.7880659029494
"69",2022-04-20,20,"208Pb","dissolved","none",10.1117532351887,19,-1,1,1,-1,2,1,105,25.0426524371733
"70",2022-04-20,21,"208Pb","dissolved","none",33.4684132705915,20,1,1,1,-1,2,1,105,61.0512644780048
"71",2022-04-20,22,"208Pb","dissolved","none",83.6373325919877,21,0,0,1,0,2,1,105,25.7688505061723
"72",2022-04-20,23,"208Pb","dissolved","none",92.0889092825264,22,-1,-1,1,1,2,1,105,15.7302345628858
"73",2022-04-20,24,"208Pb","dissolved","none",72.2247331620757,23,1,-1,1,1,2,1,105,28.4542121081955
"74",2022-04-20,25,"208Pb","dissolved","none",168.998812777586,24,-1,1,1,1,2,1,105,14.6654789527201
"75",2022-04-20,26,"208Pb","dissolved","none",2.41573155304224,10,1,1,1,1,2,1,105,16.700029395113
"76",2022-04-20,27,"208Pb","dissolved","none",20.9954793154046,0,-1,-1,-1,-1,2,1,105,34.6545639215427
"77",2022-04-20,28,"208Pb","dissolved","none",79.2815673110323,1,1,-1,-1,-1,2,1,105,33.4126737054839
"78",2022-04-20,29,"208Pb","dissolved","none",33.4659321327833,2,-1,1,-1,-1,2,1,105,85.4604361590018
"79",2022-04-20,30,"208Pb","dissolved","none",29.2965991546748,3,1,1,-1,-1,2,1,105,67.2664071692414
"80",2022-04-20,31,"208Pb","dissolved","none",22.4208315645936,4,0,0,-1,0,2,1,105,41.2616268118248
"81",2022-04-20,32,"208Pb","dissolved","none",2.24288916927858,5,-1,-1,-1,1,2,1,105,21.7636441865604
"82",2022-04-20,33,"208Pb","dissolved","none",112.683463505467,6,1,-1,-1,1,2,1,105,16.5009572483373
"83",2022-04-20,34,"208Pb","dissolved","none",55.588643739817,7,-1,1,-1,1,2,1,105,40.7671848432456
"84",2022-04-20,35,"208Pb","dissolved","none",58.6655204043211,8,1,1,-1,1,2,1,105,85.9966923656077
"85",2022-04-20,36,"208Pb","dissolved","none",142.251459516927,9,0,0,0,-1,2,1,105,46.3107961666601
"86",2022-04-20,38,"208Pb","dissolved","none",88.3035060444971,11,1,0,0,0,2,1,105,39.7220207885792
"87",2022-04-20,39,"208Pb","dissolved","none",21.5530051540462,12,-1,0,0,0,2,1,105,30.8165453026294
"88",2022-04-20,40,"208Pb","dissolved","none",55.0328988437408,13,0,1,0,0,2,1,105,43.7843197314332
"89",2022-04-20,41,"208Pb","dissolved","none",38.6642389931339,14,0,-1,0,0,2,1,105,28.5802606837427
"90",2022-04-20,42,"208Pb","dissolved","none",50.9102547898859,15,0,0,0,0,2,1,105,35.6686331396961
"91",2022-04-20,43,"208Pb","dissolved","none",2.48256232088907,16,0,0,0,1,2,1,105,26.7259741041825
"92",2022-04-20,44,"208Pb","dissolved","none",16.3555332512425,17,-1,-1,1,-1,2,1,105,33.9739010784156
"93",2022-04-20,45,"208Pb","dissolved","none",38.9755411090871,18,1,-1,1,-1,2,1,105,46.6780133712225
"94",2022-04-20,46,"208Pb","dissolved","none",12.1729164246875,19,-1,1,1,-1,2,1,105,29.2849756527789
"95",2022-04-20,47,"208Pb","dissolved","none",30.9976350546116,20,1,1,1,-1,2,1,105,71.184839924048
"96",2022-04-20,48,"208Pb","dissolved","none",83.4372004559958,21,0,0,1,0,2,1,105,29.9658769997878
"97",2022-04-20,49,"208Pb","dissolved","none",44.162930051864,22,-1,-1,1,1,2,1,105,18.2474698386353
"98",2022-04-20,50,"208Pb","dissolved","none",56.8645547762325,23,1,-1,1,1,2,1,105,32.9329394696281
"99",2022-04-20,51,"208Pb","dissolved","none",76.4351189658549,24,-1,1,1,1,2,1,105,16.9379963587861
"100",2022-04-20,52,"208Pb","dissolved","none",1.02882779915247,10,1,1,1,1,2,1,105,19.2493337524818
"101",2022-05-11,1,"208Pb","dissolved","none",59.9130952132717,0,-1,-1,-1,-1,2,1,117,26.7422218124518
"102",2022-05-11,2,"208Pb","dissolved","none",17.8279284366041,1,1,-1,-1,-1,2,1,117,25.8567830437298
"103",2022-05-11,3,"208Pb","dissolved","none",36.2544497277514,2,-1,1,-1,-1,2,1,117,66.3420049128717
"104",2022-05-11,4,"208Pb","dissolved","none",33.4799420488644,3,1,1,-1,-1,2,1,117,52.3962150543906
"105",2022-05-11,5,"208Pb","dissolved","none",5.24308312885487,4,0,0,-1,0,2,1,117,32.257014664517
"106",2022-05-11,6,"208Pb","dissolved","none",0.865286056564378,5,-1,-1,-1,1,2,1,117,17.0789457284793
"107",2022-05-11,7,"208Pb","dissolved","none",56.8857067518397,6,1,-1,-1,1,2,1,117,12.9999567006088
"108",2022-05-11,8,"208Pb","dissolved","none",62.4255456046529,7,-1,1,-1,1,2,1,117,32.2458948255906
"109",2022-05-11,9,"208Pb","dissolved","none",130.104213825396,8,1,1,-1,1,2,1,117,68.2936808273094
"110",2022-05-11,10,"208Pb","dissolved","none",28.7290811199679,9,0,0,0,-1,2,1,117,36.9231081698122
"111",2022-05-11,12,"208Pb","dissolved","none",20.3615236312955,11,1,0,0,0,2,1,117,31.9122946449071
"112",2022-05-11,13,"208Pb","dissolved","none",51.074480258535,12,-1,0,0,0,2,1,117,24.8465870806045
"113",2022-05-11,14,"208Pb","dissolved","none",40.0423277857222,13,0,1,0,0,2,1,117,35.4213983017285
"114",2022-05-11,15,"208Pb","dissolved","none",16.0981923431868,14,0,-1,0,0,2,1,117,23.193841678131
"115",2022-05-11,16,"208Pb","dissolved","none",40.2757854753289,15,0,0,0,0,2,1,117,29.0294104506628
"116",2022-05-11,17,"208Pb","dissolved","none",36.5250143659474,16,0,0,0,1,2,1,117,21.8077424801177
"117",2022-05-11,18,"208Pb","dissolved","none",23.8419178796788,17,-1,-1,1,-1,2,1,117,27.7859915772952
"118",2022-05-11,19,"208Pb","dissolved","none",48.6394695681049,18,1,-1,1,-1,2,1,117,38.2538290398812
"119",2022-05-11,20,"208Pb","dissolved","none",13.5188631456772,19,-1,1,1,-1,2,1,117,24.0420710664307
"120",2022-05-11,21,"208Pb","dissolved","none",47.5391058013637,20,1,1,1,-1,2,1,117,58.528498738638
"121",2022-05-11,22,"208Pb","dissolved","none",231.299757069729,21,0,0,1,0,2,1,117,24.6692532300482
"122",2022-05-11,23,"208Pb","dissolved","none",5.4621308947043,22,-1,-1,1,1,2,1,117,15.0378672180748
"123",2022-05-11,24,"208Pb","dissolved","none",69.7178447816328,23,1,-1,1,1,2,1,117,27.1633862798263
"124",2022-05-11,25,"208Pb","dissolved","none",54.2554523277891,24,-1,1,1,1,2,1,117,13.9800964805393
"125",2022-05-11,26,"208Pb","dissolved","none",99.7549871369986,10,1,1,1,1,2,1,117,15.8961494998684
"126",2022-05-11,27,"208Pb","dissolved","none",46.6627523034553,0,-1,-1,-1,-1,2,1,117,32.9362472349809
"127",2022-05-11,28,"208Pb","dissolved","none",12.2167915553089,1,1,-1,-1,-1,2,1,117,31.7056197417727
"128",2022-05-11,29,"208Pb","dissolved","none",28.6516313421774,2,-1,1,-1,-1,2,1,117,80.9596067586171
"129",2022-05-11,30,"208Pb","dissolved","none",332.748307342334,3,1,1,-1,-1,2,1,117,63.6124051764966
"130",2022-05-11,31,"208Pb","dissolved","none",4.01476006182952,4,0,0,-1,0,2,1,117,38.9482618511647
"131",2022-05-11,32,"208Pb","dissolved","none",0.646072576770141,5,-1,-1,-1,1,2,1,117,20.5034075910573
"132",2022-05-11,33,"208Pb","dissolved","none",101.402864088505,6,1,-1,-1,1,2,1,117,15.5134552490859
"133",2022-05-11,34,"208Pb","dissolved","none",56.2343778307718,7,-1,1,-1,1,2,1,117,38.2442638758673
"134",2022-05-11,35,"208Pb","dissolved","none",157.433528023636,8,1,1,-1,1,2,1,117,80.4905856412165
"135",2022-05-11,36,"208Pb","dissolved","none",73.5618035027574,9,0,0,0,-1,2,1,117,43.2421264624041
"136",2022-05-11,38,"208Pb","dissolved","none",25.2049204958922,11,1,0,0,0,2,1,117,36.9032852415248
"137",2022-05-11,39,"208Pb","dissolved","none",53.8214560545936,12,-1,0,0,0,2,1,117,28.5542443715749
"138",2022-05-11,40,"208Pb","dissolved","none",58.8918560053245,13,0,1,0,0,2,1,117,40.4597451457836
"139",2022-05-11,41,"208Pb","dissolved","none",6.07275921700315,14,0,-1,0,0,2,1,117,26.3364093348893
"140",2022-05-11,42,"208Pb","dissolved","none",46.4646654470281,15,0,0,0,0,2,1,117,32.7744577269564
"141",2022-05-11,43,"208Pb","dissolved","none",42.9543927731839,16,0,0,0,1,2,1,117,24.4861233476585
"142",2022-05-11,44,"208Pb","dissolved","none",34.1578012725533,17,-1,-1,1,-1,2,1,117,31.0352280115796
"143",2022-05-11,45,"208Pb","dissolved","none",58.5291909060158,18,1,-1,1,-1,2,1,117,42.5145885253558
"144",2022-05-11,46,"208Pb","dissolved","none",10.4969009775985,19,-1,1,1,-1,2,1,117,26.5942376762008
"145",2022-05-11,47,"208Pb","dissolved","none",39.4745613241471,20,1,1,1,-1,2,1,117,64.4549620922127
"146",2022-05-11,48,"208Pb","dissolved","none",102.73031373982,21,0,0,1,0,2,1,117,27.0544836805081
"147",2022-05-11,49,"208Pb","dissolved","none",11.1062246826703,22,-1,-1,1,1,2,1,117,16.4279545687473
"148",2022-05-11,50,"208Pb","dissolved","none",54.5383856742468,23,1,-1,1,1,2,1,117,29.5673587123855
"149",2022-05-11,51,"208Pb","dissolved","none",37.1993640767961,24,-1,1,1,1,2,1,117,15.1664715425068
"150",2022-05-11,52,"208Pb","dissolved","none",81.419337761739,10,1,1,1,1,2,1,117,17.1918852530405
"151",2022-06-22,12,"208Pb","dissolved","none",42.8894009392242,11,1,0,0,0,2,1,134,11.9953782787489
"152",2022-06-22,31,"208Pb","dissolved","none",3.25634491729616,4,0,0,-1,0,2,1,134,13.8208841435748
"153",2022-07-06,6,"208Pb","dissolved","none",2.32390224987622,5,-1,-1,-1,1,2,1,140,6.96757228394918
"154",2022-07-06,9,"208Pb","dissolved","none",38.3401509678424,8,1,1,-1,1,2,1,140,27.3799365524739
"155",2022-07-06,10,"208Pb","dissolved","none",10.0216081026941,9,0,0,0,-1,2,1,140,14.7085082891971
"156",2022-07-06,12,"208Pb","dissolved","none",32.2026053212876,11,1,0,0,0,2,1,140,12.5460032733741
"157",2022-07-06,13,"208Pb","dissolved","none",11.0936061806769,12,-1,0,0,0,2,1,140,9.7041636838816
"158",2022-07-06,14,"208Pb","dissolved","none",64.7574310933512,13,0,1,0,0,2,1,140,13.7455005266135
"159",2022-07-06,15,"208Pb","dissolved","none",54.0390021899879,14,0,-1,0,0,2,1,140,8.94476024040964
"160",2022-07-06,16,"208Pb","dissolved","none",28.4004502444366,15,0,0,0,0,2,1,140,11.1292707643059
"161",2022-07-06,17,"208Pb","dissolved","none",0.943740321390583,16,0,0,0,1,2,1,140,8.31440087102343
"162",2022-07-06,18,"208Pb","dissolved","none",21.4945831731508,17,-1,-1,1,-1,2,1,140,10.5394641402577
"163",2022-07-06,19,"208Pb","dissolved","none",26.147189390266,18,1,-1,1,-1,2,1,140,14.4422404814498
"164",2022-07-06,20,"208Pb","dissolved","none",4.12305258975956,19,-1,1,1,-1,2,1,140,9.03856470574871
"165",2022-07-06,21,"208Pb","dissolved","none",14.5102255856868,20,1,1,1,-1,2,1,140,21.9210898995042
"166",2022-07-06,22,"208Pb","dissolved","none",2.45481388211268,21,0,0,1,0,2,1,140,9.20889768744303
"167",2022-07-06,23,"208Pb","dissolved","none",0.523747091037336,22,-1,-1,1,1,2,1,140,5.59715777269715
"168",2022-07-06,24,"208Pb","dissolved","none",19.5878909987741,23,1,-1,1,1,2,1,140,10.0842565980162
"169",2022-07-06,25,"208Pb","dissolved","none",0.933690198722819,24,-1,1,1,1,2,1,140,5.17807265594614
"170",2022-07-06,26,"208Pb","dissolved","none",0.81105432714491,10,1,1,1,1,2,1,140,5.87533434570132
"171",2022-07-06,34,"208Pb","dissolved","none",3.35401169866771,7,-1,1,-1,1,2,1,140,13.8532667910007
"172",2022-07-06,35,"208Pb","dissolved","none",33.8401133875001,8,1,1,-1,1,2,1,140,29.0407693891937
"173",2022-07-06,36,"208Pb","dissolved","none",75.6155698884097,9,0,0,0,-1,2,1,140,15.5324751906658
"174",2022-07-06,38,"208Pb","dissolved","none",207.852310116887,11,1,0,0,0,2,1,140,13.1198759963672
"175",2022-07-06,39,"208Pb","dissolved","none",2.68296281439472,12,-1,0,0,0,2,1,140,10.0928701918639
"176",2022-07-06,40,"208Pb","dissolved","none",154.933036657634,13,0,1,0,0,2,1,140,14.2127050167203
"177",2022-07-06,41,"208Pb","dissolved","none",56.5433940564719,14,0,-1,0,0,2,1,140,9.19128017148903
"178",2022-07-06,42,"208Pb","dissolved","none",12.7003387776702,15,0,0,0,0,2,1,140,11.3608148100957
"179",2022-07-06,43,"208Pb","dissolved","none",0.418550956602581,16,0,0,0,1,2,1,140,8.42897648260423
"180",2022-07-06,44,"208Pb","dissolved","none",25.8872878926435,17,-1,-1,1,-1,2,1,140,10.6086065827123
"181",2022-07-06,45,"208Pb","dissolved","none",34.7721928417481,18,1,-1,1,-1,2,1,140,14.4311637146216
"182",2022-07-06,46,"208Pb","dissolved","none",5.16990064001026,19,-1,1,1,-1,2,1,140,8.96533089465663
"183",2022-07-06,47,"208Pb","dissolved","none",18.8779189073121,20,1,1,1,-1,2,1,140,21.5848283190515
"184",2022-07-06,48,"208Pb","dissolved","none",0.629874597054343,21,0,0,1,0,2,1,140,9.0028968443932
"185",2022-07-06,49,"208Pb","dissolved","none",2.06826098730345,22,-1,-1,1,1,2,1,140,5.43436174870204
"186",2022-07-06,50,"208Pb","dissolved","none",49.6827907921207,23,1,-1,1,1,2,1,140,9.72741575245696
"187",2022-07-06,51,"208Pb","dissolved","none",0.808720611412006,24,-1,1,1,1,2,1,140,4.96483242853631
"188",2022-07-06,52,"208Pb","dissolved","none",0.470994600100425,10,1,1,1,1,2,1,140,5.60272894197725
"189",2022-07-20,1,"208Pb","dissolved","none",11.2143299337751,0,-1,-1,-1,-1,2,1,145,16.4037677037303
"190",2022-07-20,2,"208Pb","dissolved","none",25.4262187266324,1,1,-1,-1,-1,2,1,145,15.8149592699964
"191",2022-07-20,3,"208Pb","dissolved","none",54.5283607862604,2,-1,1,-1,-1,2,1,145,40.4343909295782
"192",2022-07-20,4,"208Pb","dissolved","none",29.9319307256426,3,1,1,-1,-1,2,1,145,31.8014095897665
"193",2022-07-20,5,"208Pb","dissolved","none",68.5810114735414,4,0,0,-1,0,2,1,145,19.4839219522839
"194",2022-07-20,6,"208Pb","dissolved","none",19.0876710924587,5,-1,-1,-1,1,2,1,145,10.2602268457466
"195",2022-07-20,7,"208Pb","dissolved","none",2.05479347069574,6,1,-1,-1,1,2,1,145,7.76326841551651
"196",2022-07-20,8,"208Pb","dissolved","none",23.200705720265,7,-1,1,-1,1,2,1,145,19.1328553818196
"197",2022-07-20,9,"208Pb","dissolved","none",5.35608143826113,8,1,1,-1,1,2,1,145,40.2460681506424
"198",2022-07-20,10,"208Pb","dissolved","none",91.3555218117809,9,0,0,0,-1,2,1,145,21.6051666106452
"199",2022-07-20,12,"208Pb","dissolved","none",18.935802429611,11,1,0,0,0,2,1,145,18.402584094284
"200",2022-07-20,13,"208Pb","dissolved","none",4.76996020619855,12,-1,0,0,0,2,1,145,14.2242283930213
"201",2022-07-20,14,"208Pb","dissolved","none",3.62230570254345,13,0,1,0,0,2,1,145,20.1343061164269
"202",2022-07-20,15,"208Pb","dissolved","none",63.4334627469707,14,0,-1,0,0,2,1,145,13.0937011971642
"203",2022-07-20,16,"208Pb","dissolved","none",5.79704553721892,15,0,0,0,0,2,1,145,16.2814633407213
"204",2022-07-20,17,"208Pb","dissolved","none",15.701237120107,16,0,0,0,1,2,1,145,12.1565014618339
"205",2022-07-20,18,"208Pb","dissolved","none",12.5569650355844,17,-1,-1,1,-1,2,1,145,15.4016270717743
"206",2022-07-20,19,"208Pb","dissolved","none",13.2097134070052,18,1,-1,1,-1,2,1,145,21.0946891948186
"207",2022-07-20,20,"208Pb","dissolved","none",5.3760286080581,19,-1,1,1,-1,2,1,145,13.1961741223961
"208",2022-07-20,21,"208Pb","dissolved","none",17.7514642832518,20,1,1,1,-1,2,1,145,31.9917945703368
"209",2022-07-20,22,"208Pb","dissolved","none",2.08162050826921,21,0,0,1,0,2,1,145,13.4346759659935
"210",2022-07-20,23,"208Pb","dissolved","none",42.8717256875895,22,-1,-1,1,1,2,1,145,8.16284833132875
"211",2022-07-20,24,"208Pb","dissolved","none",136.37993750545,23,1,-1,1,1,2,1,145,14.7021133509575
"212",2022-07-20,25,"208Pb","dissolved","none",1.35353637827522,24,-1,1,1,1,2,1,145,7.54688489798605
"213",2022-07-20,26,"208Pb","dissolved","none",7.5012276131268,10,1,1,1,1,2,1,145,8.56037092396849
"214",2022-07-20,27,"208Pb","dissolved","none",14.5081270207638,0,-1,-1,-1,-1,2,1,145,17.6952096622385
"215",2022-07-20,28,"208Pb","dissolved","none",35.1851113065187,1,1,-1,-1,-1,2,1,145,16.9938318440886
"216",2022-07-20,29,"208Pb","dissolved","none",60.187302342604,2,-1,1,-1,-1,2,1,145,43.2856593052981
"217",2022-07-20,30,"208Pb","dissolved","none",40.9964519015062,3,1,1,-1,-1,2,1,145,33.9188661516413
"218",2022-07-20,31,"208Pb","dissolved","none",140.008326550539,4,0,0,-1,0,2,1,145,20.704940126308
"219",2022-07-20,32,"208Pb","dissolved","none",52.0541655537759,5,-1,-1,-1,1,2,1,145,10.8623666656182
"220",2022-07-20,33,"208Pb","dissolved","none",0.659396042350374,6,1,-1,-1,1,2,1,145,8.18681088685723
"221",2022-07-20,34,"208Pb","dissolved","none",42.0430944924225,7,-1,1,-1,1,2,1,145,20.0933113965976
"222",2022-07-20,35,"208Pb","dissolved","none",3.05917604693018,8,1,1,-1,1,2,1,145,42.0788836280578
"223",2022-07-20,36,"208Pb","dissolved","none",76.731878516686,9,0,0,0,-1,2,1,145,22.4805908834036
"224",2022-07-20,38,"208Pb","dissolved","none",28.1587178891068,11,1,0,0,0,2,1,145,18.9407548893369
"225",2022-07-20,39,"208Pb","dissolved","none",5.72141539577984,12,-1,0,0,0,2,1,145,14.5505120254112
"226",2022-07-20,40,"208Pb","dissolved","none",7.16418638971067,13,0,1,0,0,2,1,145,20.4599194591576
"227",2022-07-20,41,"208Pb","dissolved","none",61.5098844916535,14,0,-1,0,0,2,1,145,13.211117038801
"228",2022-07-20,42,"208Pb","dissolved","none",57.3025766759585,15,0,0,0,0,2,1,145,16.3037910218078
"229",2022-07-20,43,"208Pb","dissolved","none",21.5085436238035,16,0,0,0,1,2,1,145,12.0769198093246
"230",2022-07-20,44,"208Pb","dissolved","none",44.6743979455948,17,-1,-1,1,-1,2,1,145,15.1752773788797
"231",2022-07-20,45,"208Pb","dissolved","none",13.320133265389,18,1,-1,1,-1,2,1,145,20.6100865270539
"232",2022-07-20,46,"208Pb","dissolved","none",8.49811095264774,19,-1,1,1,-1,2,1,145,12.783703837183
"233",2022-07-20,47,"208Pb","dissolved","none",52.5250345942729,20,1,1,1,-1,2,1,145,30.7305878184097
"234",2022-07-20,48,"208Pb","dissolved","none",1.23862594743271,21,0,0,1,0,2,1,145,12.7986439005604
"235",2022-07-20,49,"208Pb","dissolved","none",44.1371674400667,22,-1,-1,1,1,2,1,145,7.71478202168445
"236",2022-07-20,50,"208Pb","dissolved","none",87.0192475907661,23,1,-1,1,1,2,1,145,13.7912987559923
"237",2022-07-20,51,"208Pb","dissolved","none",0.521353328719118,24,-1,1,1,1,2,1,145,7.03052032290993
"238",2022-07-20,52,"208Pb","dissolved","none",13.7185355305601,10,1,1,1,1,2,1,145,7.92504806883551
"239",2022-08-03,1,"208Pb","dissolved","none",19.0641806104242,0,-1,-1,-1,-1,2,1,152,30.0249704176204
"240",2022-08-03,2,"208Pb","dissolved","none",39.2787290691729,1,1,-1,-1,-1,2,1,152,28.9494028758452
"241",2022-08-03,3,"208Pb","dissolved","none",241.909950390888,2,-1,1,-1,-1,2,1,152,74.0232497036227
"242",2022-08-03,4,"208Pb","dissolved","none",38.4201830934799,3,1,1,-1,-1,2,1,152,58.2269608893397
"243",2022-08-03,5,"208Pb","dissolved","none",42.8865274608783,4,0,0,-1,0,2,1,152,35.6804842638625
"244",2022-08-03,6,"208Pb","dissolved","none",29.4918237913522,5,-1,-1,-1,1,2,1,152,18.7933774517558
"245",2022-08-03,7,"208Pb","dissolved","none",132.347487174431,6,1,-1,-1,1,2,1,152,14.2233867604373
"246",2022-08-03,8,"208Pb","dissolved","none",238.643981143745,7,-1,1,-1,1,2,1,152,35.0642873087376
"247",2022-08-03,9,"208Pb","dissolved","none",91.5059096578362,8,1,1,-1,1,2,1,152,73.7819305137153
"248",2022-08-03,10,"208Pb","dissolved","none",39.1508537318213,9,0,0,0,-1,2,1,152,39.6220800375346
"249",2022-08-03,12,"208Pb","dissolved","none",122.560898818291,11,1,0,0,0,2,1,152,33.7741626190608
"250",2022-08-03,13,"208Pb","dissolved","none",27.7549617112855,12,-1,0,0,0,2,1,152,26.1154032060248
"251",2022-08-03,14,"208Pb","dissolved","none",57.6420506497774,13,0,1,0,0,2,1,152,36.9792022056629
"252",2022-08-03,15,"208Pb","dissolved","none",3.31702871820797,14,0,-1,0,0,2,1,152,24.0558083682101
"253",2022-08-03,16,"208Pb","dissolved","none",39.1036059235458,15,0,0,0,0,2,1,152,29.9202154681063
"254",2022-08-03,17,"208Pb","dissolved","none",73.737633082421,16,0,0,0,1,2,1,152,22.3441759638819
"255",2022-08-03,18,"208Pb","dissolved","none",27.0813949052436,17,-1,-1,1,-1,2,1,152,28.3120717941373
"256",2022-08-03,19,"208Pb","dissolved","none",23.6176034018024,18,1,-1,1,-1,2,1,152,38.778161977159
"257",2022-08-03,20,"208Pb","dissolved","none",12.7909674038062,19,-1,1,1,-1,2,1,152,24.2564164114352
"258",2022-08-03,21,"208Pb","dissolved","none",55.3124358161086,20,1,1,1,-1,2,1,152,58.7941209169886
"259",2022-08-03,22,"208Pb","dissolved","none",24.7935146262698,21,0,0,1,0,2,1,152,24.6824989828145
"260",2022-08-03,23,"208Pb","dissolved","none",56.6827725392779,22,-1,-1,1,1,2,1,152,14.9906009832533
"261",2022-08-03,24,"208Pb","dissolved","none",0.399221835252846,23,1,-1,1,1,2,1,152,26.9849165357174
"262",2022-08-03,25,"208Pb","dissolved","none",1.40614803305337,24,-1,1,1,1,2,1,152,13.8427528039174
"263",2022-08-03,26,"208Pb","dissolved","none",41.6925091626054,10,1,1,1,1,2,1,152,15.6895978283192
"264",2022-08-03,27,"208Pb","dissolved","none",25.1052901901075,0,-1,-1,-1,-1,2,1,152,32.4035608532379
"265",2022-08-03,28,"208Pb","dissolved","none",71.4110416644846,1,1,-1,-1,-1,2,1,152,31.0886626646234
"266",2022-08-03,29,"208Pb","dissolved","none",262.138707430189,2,-1,1,-1,-1,2,1,152,79.1019369909352
"267",2022-08-03,30,"208Pb","dissolved","none",80.054523346747,3,1,1,-1,-1,2,1,152,61.9124911389205
"268",2022-08-03,31,"208Pb","dissolved","none",155.839640991256,4,0,0,-1,0,2,1,152,37.745862831244
"269",2022-08-03,32,"208Pb","dissolved","none",111.358271976229,5,-1,-1,-1,1,2,1,152,19.7763531706612
"270",2022-08-03,33,"208Pb","dissolved","none",73.3272433810905,6,1,-1,-1,1,2,1,152,14.8845156451427
"271",2022-08-03,34,"208Pb","dissolved","none",197.759980278893,7,-1,1,-1,1,2,1,152,36.4792467952484
"272",2022-08-03,35,"208Pb","dissolved","none",90.7495659337693,8,1,1,-1,1,2,1,152,76.2805641978123
"273",2022-08-03,36,"208Pb","dissolved","none",50.4304799484553,9,0,0,0,-1,2,1,152,40.6910241684787
"274",2022-08-03,38,"208Pb","dissolved","none",75.2105359399448,11,1,0,0,0,2,1,152,34.1782470059853
"275",2022-08-03,39,"208Pb","dissolved","none",58.142311906823,12,-1,0,0,0,2,1,152,26.2155335667637
"276",2022-08-03,40,"208Pb","dissolved","none",125.275467921055,13,0,1,0,0,2,1,152,36.8055272885953
"277",2022-08-03,41,"208Pb","dissolved","none",0.462817686913256,14,0,-1,0,0,2,1,152,23.7290404958291
"278",2022-08-03,42,"208Pb","dissolved","none",68.9324946096978,15,0,0,0,0,2,1,152,29.2391753570997
"279",2022-08-03,43,"208Pb","dissolved","none",87.9164823343249,16,0,0,0,1,2,1,152,21.6258874108058
"280",2022-08-03,44,"208Pb","dissolved","none",21.6485401271748,17,-1,-1,1,-1,2,1,152,27.1332255965331
"281",2022-08-03,45,"208Pb","dissolved","none",18.9372809023066,18,1,-1,1,-1,2,1,152,36.7957314525197
"282",2022-08-03,46,"208Pb","dissolved","none",23.4012474997498,19,-1,1,1,-1,2,1,152,22.7893894159897
"283",2022-08-03,47,"208Pb","dissolved","none",44.4662232108603,20,1,1,1,-1,2,1,152,54.7029031529059
"284",2022-08-03,48,"208Pb","dissolved","none",100.446751128569,21,0,0,1,0,2,1,152,22.7495037356625
"285",2022-08-03,49,"208Pb","dissolved","none",144.954668805763,22,-1,-1,1,1,2,1,152,13.6932107049218
"286",2022-08-03,50,"208Pb","dissolved","none",0.348441172350854,23,1,-1,1,1,2,1,152,24.4436870323529
"287",2022-08-03,51,"208Pb","dissolved","none",0.383602399070117,24,-1,1,1,1,2,1,152,12.443352232155
"288",2022-08-03,52,"208Pb","dissolved","none",74.1137266467684,10,1,1,1,1,2,1,152,14.0072293993121
"289",2022-08-17,1,"208Pb","dissolved","none",30.5875580839583,0,-1,-1,-1,-1,2,1,162,32.9713251693296
"290",2022-08-17,2,"208Pb","dissolved","none",22.7291294857491,1,1,-1,-1,-1,2,1,162,31.7922929255254
"291",2022-08-17,3,"208Pb","dissolved","none",39.3678136165568,2,-1,1,-1,-1,2,1,162,81.315776830484
"292",2022-08-17,4,"208Pb","dissolved","none",36.3174778958919,3,1,1,-1,-1,2,1,162,63.9965810599366
"293",2022-08-17,5,"208Pb","dissolved","none",24.4181520228484,4,0,0,-1,0,2,1,162,39.2456303372848
"294",2022-08-17,6,"208Pb","dissolved","none",22.1981154082456,5,-1,-1,-1,1,2,1,162,20.6914580564913
"295",2022-08-17,7,"208Pb","dissolved","none",14.527634433639,6,1,-1,-1,1,2,1,162,15.6784991565879
"296",2022-08-17,8,"208Pb","dissolved","none",73.7331666696614,7,-1,1,-1,1,2,1,162,38.7043103727962
"297",2022-08-17,9,"208Pb","dissolved","none",148.572217096234,8,1,1,-1,1,2,1,162,81.56424205277
"298",2022-08-17,10,"208Pb","dissolved","none",32.3123236564625,9,0,0,0,-1,2,1,162,43.8720051860922
"299",2022-08-17,12,"208Pb","dissolved","none",20.989744037865,11,1,0,0,0,2,1,162,37.522181648636
"300",2022-08-17,13,"208Pb","dissolved","none",30.7509582583625,12,-1,0,0,0,2,1,162,29.061239949742
"301",2022-08-17,14,"208Pb","dissolved","none",25.366880929041,13,0,1,0,0,2,1,162,41.2151825596202
"302",2022-08-17,15,"208Pb","dissolved","none",32.069297680841,14,0,-1,0,0,2,1,162,26.8505331426895
"303",2022-08-17,16,"208Pb","dissolved","none",20.5933869061701,15,0,0,0,0,2,1,162,33.4399524803919
"304",2022-08-17,17,"208Pb","dissolved","none",23.3211393719942,16,0,0,0,1,2,1,162,25.0007720560978
"305",2022-08-17,18,"208Pb","dissolved","none",12.5516210304876,17,-1,-1,1,-1,2,1,162,31.7071136221689
"306",2022-08-17,19,"208Pb","dissolved","none",16.6565742032168,18,1,-1,1,-1,2,1,162,43.4576617917274
"307",2022-08-17,20,"208Pb","dissolved","none",21.6345755015528,19,-1,1,1,-1,2,1,162,27.195124576097
"308",2022-08-17,21,"208Pb","dissolved","none",41.2404582502793,20,1,1,1,-1,2,1,162,65.9281484605709
"309",2022-08-17,22,"208Pb","dissolved","none",15.9504242883859,21,0,0,1,0,2,1,162,27.674835751637
"310",2022-08-17,23,"208Pb","dissolved","none",6.17684015212413,22,-1,-1,1,1,2,1,162,16.8020514925789
"311",2022-08-17,24,"208Pb","dissolved","none",19.3047074053723,23,1,-1,1,1,2,1,162,30.2276810644062
"312",2022-08-17,25,"208Pb","dissolved","none",30.9682095644806,24,-1,1,1,1,2,1,162,15.4934109892845
"313",2022-08-17,26,"208Pb","dissolved","none",25.3913584176283,10,1,1,1,1,2,1,162,17.5423128373253
"314",2022-08-17,27,"208Pb","dissolved","none",41.027050983627,0,-1,-1,-1,-1,2,1,162,36.1858567950963
"315",2022-08-17,28,"208Pb","dissolved","none",24.800815917445,1,1,-1,-1,-1,2,1,162,34.6698599029373
"316",2022-08-17,29,"208Pb","dissolved","none",44.7521713510508,2,-1,1,-1,-1,2,1,162,88.0819508458294
"317",2022-08-17,30,"208Pb","dissolved","none",40.8249553510291,3,1,1,-1,-1,2,1,162,68.8314605737564
"318",2022-08-17,31,"208Pb","dissolved","none",36.8680985839979,4,0,0,-1,0,2,1,162,41.8947179083725
"319",2022-08-17,32,"208Pb","dissolved","none",30.431725267948,5,-1,-1,-1,1,2,1,162,21.9130213227228
"320",2022-08-17,33,"208Pb","dissolved","none",25.6647427964221,6,1,-1,-1,1,2,1,162,16.4646900561702
"321",2022-08-17,34,"208Pb","dissolved","none",45.1913318693247,7,-1,1,-1,1,2,1,162,40.284198037007
"322",2022-08-17,35,"208Pb","dissolved","none",148.729091255213,8,1,1,-1,1,2,1,162,84.0986628225172
"323",2022-08-17,36,"208Pb","dissolved","none",41.2392614868804,9,0,0,0,-1,2,1,162,44.7902907430515
"324",2022-08-17,38,"208Pb","dissolved","none",26.2345848900894,11,1,0,0,0,2,1,162,37.5095658842854
"325",2022-08-17,39,"208Pb","dissolved","none",32.8932185925172,12,-1,0,0,0,2,1,162,28.7312308347008
"326",2022-08-17,40,"208Pb","dissolved","none",40.0620491306072,13,0,1,0,0,2,1,162,40.2854665996475
"327",2022-08-17,41,"208Pb","dissolved","none",15.3825727672105,14,0,-1,0,0,2,1,162,25.941267496835
"328",2022-08-17,42,"208Pb","dissolved","none",22.9557227435282,15,0,0,0,0,2,1,162,31.9290158114057
"329",2022-08-17,43,"208Pb","dissolved","none",30.4385170114809,16,0,0,0,1,2,1,162,23.590349595885
"330",2022-08-17,44,"208Pb","dissolved","none",12.8435445992946,17,-1,-1,1,-1,2,1,162,29.5684600549869
"331",2022-08-17,45,"208Pb","dissolved","none",16.8257677380684,18,1,-1,1,-1,2,1,162,40.0602976313693
"332",2022-08-17,46,"208Pb","dissolved","none",35.9815243124897,19,-1,1,1,-1,2,1,162,24.788897546974
"333",2022-08-17,47,"208Pb","dissolved","none",34.5755040719206,20,1,1,1,-1,2,1,162,59.4507063023241
"334",2022-08-17,48,"208Pb","dissolved","none",22.0538231355481,21,0,0,1,0,2,1,162,24.7031027564895
"335",2022-08-17,49,"208Pb","dissolved","none",6.40503029252334,22,-1,-1,1,1,2,1,162,14.8568154693927
"336",2022-08-17,50,"208Pb","dissolved","none",9.30878798253234,23,1,-1,1,1,2,1,162,26.4992518513252
"337",2022-08-17,51,"208Pb","dissolved","none",4.51190285343287,24,-1,1,1,1,2,1,162,13.4788951556182
"338",2022-08-17,52,"208Pb","dissolved","none",7.58087918113952,10,1,1,1,1,2,1,162,15.1607436184192
"339",2022-09-01,1,"208Pb","dissolved","none",26.6655450664839,0,-1,-1,-1,-1,2,1,165,31.2280831244271
"340",2022-09-01,2,"208Pb","dissolved","none",10.3090337263146,1,1,-1,-1,-1,2,1,165,30.1138230774436
"341",2022-09-01,3,"208Pb","dissolved","none",69.055247058148,2,-1,1,-1,-1,2,1,165,77.0334160938276
"342",2022-09-01,4,"208Pb","dissolved","none",40.367858912537,3,1,1,-1,-1,2,1,165,60.6382083237631
"343",2022-09-01,5,"208Pb","dissolved","none",18.4444920667919,4,0,0,-1,0,2,1,165,37.195459099069
"344",2022-09-01,6,"208Pb","dissolved","none",76.2216809279458,5,-1,-1,-1,1,2,1,165,19.6164540238714
"345",2022-09-01,7,"208Pb","dissolved","none",16.2612067113505,6,1,-1,-1,1,2,1,165,14.8690644354202
"346",2022-09-01,8,"208Pb","dissolved","none",56.0190354518999,7,-1,1,-1,1,2,1,165,36.7200820453259
"347",2022-09-01,9,"208Pb","dissolved","none",274.895877504292,8,1,1,-1,1,2,1,165,77.4141784424768
"348",2022-09-01,10,"208Pb","dissolved","none",248.79093454391,9,0,0,0,-1,2,1,165,41.6573062746924
"349",2022-09-01,12,"208Pb","dissolved","none",35.905513164531,11,1,0,0,0,2,1,165,35.6580317809451
"350",2022-09-01,13,"208Pb","dissolved","none",50.6857946758257,12,-1,0,0,0,2,1,165,27.6284147763781
"351",2022-09-01,14,"208Pb","dissolved","none",36.1155601507781,13,0,1,0,0,2,1,165,39.1975071703729
"352",2022-09-01,15,"208Pb","dissolved","none",44.7655019244272,14,0,-1,0,0,2,1,165,25.5444188943522
"353",2022-09-01,16,"208Pb","dissolved","none",40.3947812467326,15,0,0,0,0,2,1,165,31.8221369178766
"354",2022-09-01,17,"208Pb","dissolved","none",29.6036093288937,16,0,0,0,1,2,1,165,23.7965067292066
"355",2022-09-01,18,"208Pb","dissolved","none",21.359587797647,17,-1,-1,1,-1,2,1,165,30.1846210794834
"356",2022-09-01,19,"208Pb","dissolved","none",21.2082567488759,18,1,-1,1,-1,2,1,165,41.3748257102235
"357",2022-09-01,20,"208Pb","dissolved","none",6.25488379810644,19,-1,1,1,-1,2,1,165,25.8924148105591
"358",2022-09-01,21,"208Pb","dissolved","none",65.0123580871924,20,1,1,1,-1,2,1,165,62.7675433120117
"359",2022-09-01,22,"208Pb","dissolved","none",93.8017682197584,21,0,0,1,0,2,1,165,26.3453614004949
"360",2022-09-01,23,"208Pb","dissolved","none",70.7616354183463,22,-1,-1,1,1,2,1,165,15.9922742368153
"361",2022-09-01,24,"208Pb","dissolved","none",88.4654126430244,23,1,-1,1,1,2,1,165,28.7645825278903
"362",2022-09-01,25,"208Pb","dissolved","none",14.1069429642138,24,-1,1,1,1,2,1,165,14.7395870342674
"363",2022-09-01,26,"208Pb","dissolved","none",39.0435261307015,10,1,1,1,1,2,1,165,16.6837449518099
"364",2022-09-01,27,"208Pb","dissolved","none",27.5623744357009,0,-1,-1,-1,-1,2,1,165,34.4034023223576
"365",2022-09-01,28,"208Pb","dissolved","none",21.4854310170774,1,1,-1,-1,-1,2,1,165,32.9505105599485
"366",2022-09-01,29,"208Pb","dissolved","none",70.8288496308097,2,-1,1,-1,-1,2,1,165,83.6836314679522
"367",2022-09-01,30,"208Pb","dissolved","none",44.0430247418344,3,1,1,-1,-1,2,1,165,65.3708831010948
"368",2022-09-01,31,"208Pb","dissolved","none",24.1623839189362,4,0,0,-1,0,2,1,165,39.7744942295218
"369",2022-09-01,32,"208Pb","dissolved","none",174.128093335729,5,-1,-1,-1,1,2,1,165,20.7971394715893
"370",2022-09-01,33,"208Pb","dissolved","none",47.4732378690889,6,1,-1,-1,1,2,1,165,15.6214727264211
"371",2022-09-01,34,"208Pb","dissolved","none",51.8463945512479,7,-1,1,-1,1,2,1,165,38.2106121019578
"372",2022-09-01,35,"208Pb","dissolved","none",229.294508808586,8,1,1,-1,1,2,1,165,79.7507995956931
"373",2022-09-01,36,"208Pb","dissolved","none",209.485025539041,9,0,0,0,-1,2,1,165,42.4662260943161
"374",2022-09-01,38,"208Pb","dissolved","none",49.0906637180127,11,1,0,0,0,2,1,165,35.5533581694163
"375",2022-09-01,39,"208Pb","dissolved","none",35.2207540199495,12,-1,0,0,0,2,1,165,27.2306125623929
"376",2022-09-01,40,"208Pb","dissolved","none",43.5186359750092,13,0,1,0,0,2,1,165,38.1797084945188
"377",2022-09-01,41,"208Pb","dissolved","none",23.1563480930776,14,0,-1,0,0,2,1,165,24.5850643304344
"378",2022-09-01,42,"208Pb","dissolved","none",29.9612166393693,15,0,0,0,0,2,1,165,30.2603874240829
"379",2022-09-01,43,"208Pb","dissolved","none",29.1817425694521,16,0,0,0,1,2,1,165,22.3584919602287
"380",2022-09-01,44,"208Pb","dissolved","none",9.73957546225481,17,-1,-1,1,-1,2,1,165,28.0261637257299
"381",2022-09-01,45,"208Pb","dissolved","none",22.08691142607,18,1,-1,1,-1,2,1,165,37.9735033871124
"382",2022-09-01,46,"208Pb","dissolved","none",9.88806025206582,19,-1,1,1,-1,2,1,165,23.4994143695568
"383",2022-09-01,47,"208Pb","dissolved","none",22.0343865676919,20,1,1,1,-1,2,1,165,56.3623526854994
"384",2022-09-01,48,"208Pb","dissolved","none",149.170066503653,21,0,0,1,0,2,1,165,23.4213636268228
"385",2022-09-01,49,"208Pb","dissolved","none",46.7456344037061,22,-1,-1,1,1,2,1,165,14.0866913215984
"386",2022-09-01,50,"208Pb","dissolved","none",80.4191625953296,23,1,-1,1,1,2,1,165,25.1264791098423
"387",2022-09-01,51,"208Pb","dissolved","none",13.9905021971824,24,-1,1,1,1,2,1,165,12.7807948091007
"388",2022-09-01,52,"208Pb","dissolved","none",31.4309193458864,10,1,1,1,1,2,1,165,14.3753883183272
"389",2023-02-14,1,"208Pb","dissolved","none",7.43623524253109,0,-1,-1,-1,-1,2,1,176,14.4212420631916
"390",2023-02-14,2,"208Pb","dissolved","none",11.6889706336939,1,1,-1,-1,-1,2,1,176,13.9106175667816
"391",2023-02-14,3,"208Pb","dissolved","none",31.3553018374264,2,-1,1,-1,-1,2,1,176,35.6011228845805
"392",2023-02-14,4,"208Pb","dissolved","none",24.7191971622542,3,1,1,-1,-1,2,1,176,28.0422475623581
"393",2023-02-14,5,"208Pb","dissolved","none",10.541909017309,4,0,0,-1,0,2,1,176,17.2151017453304
"394",2023-02-14,6,"208Pb","dissolved","none",17.5413157701686,5,-1,-1,-1,1,2,1,176,9.08772194378986
"395",2023-02-14,7,"208Pb","dissolved","none",8.02097893663753,6,1,-1,-1,1,2,1,176,6.89576685808475
"396",2023-02-14,8,"208Pb","dissolved","none",25.6369500803048,7,-1,1,-1,1,2,1,176,17.0491440490258
"397",2023-02-14,9,"208Pb","dissolved","none",44.3644199166147,8,1,1,-1,1,2,1,176,35.9865268204104
"398",2023-02-14,10,"208Pb","dissolved","none",16.5176525056851,9,0,0,0,-1,2,1,176,19.38812940207
"399",2023-02-14,12,"208Pb","dissolved","none",16.1561418723454,11,1,0,0,0,2,1,176,16.6344079504309
"400",2023-02-14,13,"208Pb","dissolved","none",17.1205149875575,12,-1,0,0,0,2,1,176,12.9018768648822
"401",2023-02-14,27,"208Pb","dissolved","none",7.78310104242612,0,-1,-1,-1,-1,2,1,176,16.0009521132147
"402",2023-02-14,28,"208Pb","dissolved","none",11.4399896381175,1,1,-1,-1,-1,2,1,176,15.3098555924022
"403",2023-02-14,29,"208Pb","dissolved","none",51.5871903631451,2,-1,1,-1,-1,2,1,176,38.8463995274206
"404",2023-02-14,30,"208Pb","dissolved","none",37.9173880617602,3,1,1,-1,-1,2,1,176,30.3213146592054
"405",2023-02-14,31,"208Pb","dissolved","none",18.7772768450072,4,0,0,-1,0,2,1,176,18.4368744778642
"406",2023-02-14,32,"208Pb","dissolved","none",42.3584519140811,5,-1,-1,-1,1,2,1,176,9.63566720782927
"407",2023-02-14,33,"208Pb","dissolved","none",22.4326782695021,6,1,-1,-1,1,2,1,176,7.23570077171755
"408",2023-02-14,34,"208Pb","dissolved","none",33.8605318781255,7,-1,1,-1,1,2,1,176,17.6975473308478
"409",2023-02-14,35,"208Pb","dissolved","none",36.0899385657589,8,1,1,-1,1,2,1,176,36.9425043237112
"410",2023-02-14,36,"208Pb","dissolved","none",23.4210426616097,9,0,0,0,-1,2,1,176,19.6782703298253
"411",2023-02-14,38,"208Pb","dissolved","none",21.9914578904992,11,1,0,0,0,2,1,176,16.4956305323701
"412",2023-02-14,39,"208Pb","dissolved","none",16.1656515778565,12,-1,0,0,0,2,1,176,12.6452038251215
"413",2023-02-16,14,"208Pb","dissolved","none",8.18548183742396,13,0,1,0,0,2,0,177,17.1116733183519
"414",2023-02-16,15,"208Pb","dissolved","none",23.3370714448137,14,0,-1,0,0,2,0,177,11.1600795209304
"415",2023-02-16,16,"208Pb","dissolved","none",20.6112939173945,15,0,0,0,0,2,0,177,13.9106846338129
"416",2023-02-16,17,"208Pb","dissolved","left",0.281468389423833,16,0,0,0,1,2,0,177,10.4059872647456
"417",2023-02-16,18,"208Pb","dissolved","none",9.95218809269384,17,-1,-1,1,-1,2,0,177,13.2009747268242
"418",2023-02-16,19,"208Pb","dissolved","none",20.7481178885877,18,1,-1,1,-1,2,0,177,18.092812886095
"419",2023-02-16,20,"208Pb","dissolved","none",13.9185555013008,19,-1,1,1,-1,2,0,177,11.3186737026733
"420",2023-02-16,21,"208Pb","dissolved","none",24.3967529459312,20,1,1,1,-1,2,0,177,27.4234533203843
"421",2023-02-16,22,"208Pb","dissolved","none",18.9222502293218,21,0,0,1,0,2,0,177,11.5020941163648
"422",2023-02-16,23,"208Pb","dissolved","left",0.216194268004648,22,-1,-1,1,1,2,0,177,6.97596036525905
"423",2023-02-16,24,"208Pb","dissolved","none",12.4364637151445,23,1,-1,1,1,2,0,177,12.5349897207222
"424",2023-02-16,25,"208Pb","dissolved","none",15.509509087304,24,-1,1,1,1,2,0,177,6.41640793066039
"425",2023-02-16,26,"208Pb","dissolved","none",6.99684058873116,10,1,1,1,1,2,0,177,7.25484290929264
"426",2023-02-16,40,"208Pb","dissolved","none",20.051625930398,13,0,1,0,0,2,0,177,16.5879833903868
"427",2023-02-16,41,"208Pb","dissolved","none",11.0322179181776,14,0,-1,0,0,2,0,177,10.6950564339265
"428",2023-02-16,42,"208Pb","dissolved","none",17.8015506268207,15,0,0,0,0,2,0,177,13.1819558031105
"429",2023-02-16,43,"208Pb","dissolved","left",0.187280071600153,16,0,0,0,1,2,0,177,9.75370599456206
"430",2023-02-16,44,"208Pb","dissolved","none",12.9747022119035,17,-1,-1,1,-1,2,0,177,12.2440443354327
"431",2023-02-16,45,"208Pb","dissolved","none",18.122274763193,18,1,-1,1,-1,2,0,177,16.6139161489726
"432",2023-02-16,46,"208Pb","dissolved","none",12.664425954409,19,-1,1,1,-1,2,0,177,10.2957615168947
"433",2023-02-16,47,"208Pb","dissolved","none",34.0839132660769,20,1,1,1,-1,2,0,177,24.7266595097221
"434",2023-02-16,48,"208Pb","dissolved","none",9.54606990820608,21,0,0,1,0,2,0,177,10.2876121462685
"435",2023-02-16,49,"208Pb","dissolved","left",0.162194080517519,22,-1,-1,1,1,2,0,177,6.19408517280124
"436",2023-02-16,50,"208Pb","dissolved","none",8.48209902247336,23,1,-1,1,1,2,0,177,11.0585110800795
"437",2023-02-16,51,"208Pb","dissolved","none",7.16490536184724,24,-1,1,1,1,2,0,177,5.62918822501314
"438",2023-02-16,52,"208Pb","dissolved","none",4.52291045045672,10,1,1,1,1,2,0,177,6.33513380281415
"439",2023-02-23,14,"208Pb","dissolved","none",7.54184353955808,13,0,1,0,0,2,0,180,14.5732684272321
"440",2023-02-23,15,"208Pb","dissolved","none",31.1927277641653,14,0,-1,0,0,2,0,180,9.50570345341317
"441",2023-02-23,16,"208Pb","dissolved","none",24.6293322316404,15,0,0,0,0,2,0,180,11.8497490381728
"442",2023-02-23,17,"208Pb","dissolved","none",42.0386670641928,16,0,0,0,1,2,0,180,8.86499695298946
"443",2023-02-23,18,"208Pb","dissolved","none",8.81454435465485,17,-1,-1,1,-1,2,0,180,11.2467562338502
"444",2023-02-23,19,"208Pb","dissolved","none",41.6939342422315,18,1,-1,1,-1,2,0,180,15.4150675625999
"445",2023-02-23,20,"208Pb","dissolved","none",12.9525003892179,19,-1,1,1,-1,2,0,180,9.64375352191107
"446",2023-02-23,21,"208Pb","dissolved","none",64.5787613430954,20,1,1,1,-1,2,0,180,23.3656830249527
"447",2023-02-23,22,"208Pb","dissolved","none",7.20597959426166,21,0,0,1,0,2,0,180,9.80020701272026
"448",2023-02-23,23,"208Pb","dissolved","left",0.150475106134137,22,-1,-1,1,1,2,0,180,5.94377624642282
"449",2023-02-23,24,"208Pb","dissolved","none",39.6439052833952,23,1,-1,1,1,2,0,180,10.6802836397958
"450",2023-02-23,25,"208Pb","dissolved","none",49.5440716239796,24,-1,1,1,1,2,0,180,5.46705846357314
"451",2023-02-23,26,"208Pb","dissolved","none",9.5775301188573,10,1,1,1,1,2,0,180,6.18155749288359
"452",2023-02-23,40,"208Pb","dissolved","none",1.35241300928956,13,0,1,0,0,2,0,180,14.1783714940009
"453",2023-02-23,41,"208Pb","dissolved","none",16.2666264056395,14,0,-1,0,0,2,0,180,9.14485781710365
"454",2023-02-23,42,"208Pb","dissolved","none",19.2681394519643,15,0,0,0,0,2,0,180,11.2754569260047
"455",2023-02-23,43,"208Pb","dissolved","none",49.1521045946444,16,0,0,0,1,2,0,180,8.34606776268714
"456",2023-02-23,44,"208Pb","dissolved","none",10.7889039991981,17,-1,-1,1,-1,2,0,180,10.4807179071465
"457",2023-02-23,45,"208Pb","dissolved","none",30.4116769091849,18,1,-1,1,-1,2,0,180,14.2261245640852
"458",2023-02-23,46,"208Pb","dissolved","none",14.2560496661931,19,-1,1,1,-1,2,0,180,8.81890978872148
"459",2023-02-23,47,"208Pb","dissolved","none",46.6600329374461,20,1,1,1,-1,2,0,180,21.1863480125528
"460",2023-02-23,48,"208Pb","dissolved","none",0.651913053910606,21,0,0,1,0,2,0,180,8.8172074445494
"461",2023-02-23,49,"208Pb","dissolved","none",1.30345380694165,22,-1,-1,1,1,2,0,180,5.31019440833506
"462",2023-02-23,50,"208Pb","dissolved","none",25.8770577560562,23,1,-1,1,1,2,0,180,9.48281090546679
"463",2023-02-23,51,"208Pb","dissolved","none",28.8859369517804,24,-1,1,1,1,2,0,180,4.8281787169869
"464",2023-02-23,52,"208Pb","dissolved","none",6.16526855909318,10,1,1,1,1,2,0,180,5.43475615843794
"465",2023-02-28,1,"208Pb","dissolved","none",8.50023536484071,0,-1,-1,-1,-1,2,1,183,10.049656764807
"466",2023-02-28,2,"208Pb","dissolved","none",12.9763405188414,1,1,-1,-1,-1,2,1,183,9.69294006873952
"467",2023-02-28,3,"208Pb","dissolved","none",29.1838521088486,2,-1,1,-1,-1,2,1,183,24.8067411391243
"468",2023-02-28,4,"208Pb","dissolved","none",27.1597579920186,3,1,1,-1,-1,2,1,183,19.5412118734225
"469",2023-02-28,5,"208Pb","dissolved","none",14.8738503747481,4,0,0,-1,0,2,1,183,11.9981415206362
"470",2023-02-28,6,"208Pb","dissolved","none",14.5159828918812,5,-1,-1,-1,1,2,1,183,6.33510554751123
"471",2023-02-28,7,"208Pb","dissolved","none",0.790385744386389,6,1,-1,-1,1,2,1,183,4.80838343298304
"472",2023-02-28,8,"208Pb","dissolved","none",1.9998846603799,7,-1,1,-1,1,2,1,183,11.8919732534271
"473",2023-02-28,9,"208Pb","dissolved","none",41.7999665544565,8,1,1,-1,1,2,1,183,25.1094291665522
"474",2023-02-28,10,"208Pb","dissolved","none",26.8391375785103,9,0,0,0,-1,2,1,183,13.5326505456404
"475",2023-02-28,12,"208Pb","dissolved","none",20.7582265201202,11,1,0,0,0,2,1,183,11.6183714586523
"476",2023-02-28,13,"208Pb","dissolved","none",27.2987201299966,12,-1,0,0,0,2,1,183,9.01411261274075
"477",2023-02-28,27,"208Pb","dissolved","none",10.6891144179566,0,-1,-1,-1,-1,2,1,183,11.204671067779
"478",2023-02-28,28,"208Pb","dissolved","none",13.2269062885922,1,1,-1,-1,-1,2,1,183,10.7233771144132
"479",2023-02-28,29,"208Pb","dissolved","none",36.2261631649223,2,-1,1,-1,-1,2,1,183,27.2173253005342
"480",2023-02-28,30,"208Pb","dissolved","none",37.8371197218668,3,1,1,-1,-1,2,1,183,21.2523246941552
"481",2023-02-28,31,"208Pb","dissolved","none",23.3821411947711,4,0,0,-1,0,2,1,183,12.9282672289305
"482",2023-02-28,32,"208Pb","dissolved","none",22.8349400591646,5,-1,-1,-1,1,2,1,183,6.76021350745963
"483",2023-02-28,33,"208Pb","dissolved","none",0.345318673404518,6,1,-1,-1,1,2,1,183,5.0794285285813
"484",2023-02-28,34,"208Pb","dissolved","none",1.06107980138029,7,-1,1,-1,1,2,1,183,12.4317156158935
"485",2023-02-28,35,"208Pb","dissolved","none",61.4445800296206,8,1,1,-1,1,2,1,183,25.9688861053363
"486",2023-02-28,36,"208Pb","dissolved","none",33.7235301355032,9,0,0,0,-1,2,1,183,13.8434584063682
"487",2023-02-28,38,"208Pb","dissolved","none",24.4698543308036,11,1,0,0,0,2,1,183,11.6234444886761
"488",2023-02-28,39,"208Pb","dissolved","none",23.1172807498856,12,-1,0,0,0,2,1,183,8.91785875435981
"489",2023-03-07,1,"208Pb","dissolved","none",6.73844038867619,0,-1,-1,-1,-1,2,1,186,9.16669015057044
"490",2023-03-07,2,"208Pb","dissolved","none",8.34072387662005,1,1,-1,-1,-1,2,1,186,8.84051351635444
"491",2023-03-07,3,"208Pb","dissolved","none",34.8567851923312,2,-1,1,-1,-1,2,1,186,22.6236291910394
"492",2023-03-07,4,"208Pb","dissolved","none",19.2684570847603,3,1,1,-1,-1,2,1,186,17.8207002101782
"493",2023-03-07,5,"208Pb","dissolved","none",8.11850033778948,4,0,0,-1,0,2,1,186,10.9415193676554
"494",2023-03-07,6,"208Pb","dissolved","none",8.99045984324476,5,-1,-1,-1,1,2,1,186,5.77719021343829
"495",2023-03-07,7,"208Pb","dissolved","none",2.11422626239665,6,1,-1,-1,1,2,1,186,4.38499071720423
"496",2023-03-07,8,"208Pb","dissolved","none",1.51944710895762,7,-1,1,-1,1,2,1,186,10.8451768037126
"497",2023-03-07,9,"208Pb","dissolved","none",44.8541776542926,8,1,1,-1,1,2,1,186,22.9001225183089
"498",2023-03-07,10,"208Pb","dissolved","none",25.7302228751765,9,0,0,0,-1,2,1,186,12.3425853263577
"499",2023-03-07,12,"208Pb","dissolved","none",7.4954572638717,11,1,0,0,0,2,1,186,10.597948153421
"500",2023-03-07,13,"208Pb","dissolved","none",2.51419959350472,12,-1,0,0,0,2,1,186,8.22300346107718
"501",2023-03-07,27,"208Pb","dissolved","none",6.86155356599362,0,-1,-1,-1,-1,2,1,186,10.2466414531561
"502",2023-03-07,28,"208Pb","dissolved","none",10.5001459830075,1,1,-1,-1,-1,2,1,186,9.80954759796208
"503",2023-03-07,29,"208Pb","dissolved","none",50.1365735485319,2,-1,1,-1,-1,2,1,186,24.9059611578259
"504",2023-03-07,30,"208Pb","dissolved","none",26.6977627698437,3,1,1,-1,-1,2,1,186,19.4540264738667
"505",2023-03-07,31,"208Pb","dissolved","none",11.1302479384578,4,0,0,-1,0,2,1,186,11.8383900629162
"506",2023-03-07,32,"208Pb","dissolved","none",15.067786775756,5,-1,-1,-1,1,2,1,186,6.1924908495672
"507",2023-03-07,33,"208Pb","dissolved","none",0.359090240922967,6,1,-1,-1,1,2,1,186,4.65452178896519
"508",2023-03-07,34,"208Pb","dissolved","none",1.47270891332837,7,-1,1,-1,1,2,1,186,11.3958926266192
"509",2023-03-07,35,"208Pb","dissolved","none",48.4974470898891,8,1,1,-1,1,2,1,186,23.8137980642144
"510",2023-03-07,36,"208Pb","dissolved","none",35.75849398885,9,0,0,0,-1,2,1,186,12.699253676094
"511",2023-03-07,38,"208Pb","dissolved","none",16.1535593086091,11,1,0,0,0,2,1,186,10.6704506352776
"512",2023-03-07,39,"208Pb","dissolved","none",0.804241325710014,12,-1,0,0,0,2,1,186,8.1896004111565
"513",2023-03-09,14,"208Pb","dissolved","none",17.3335878305593,13,0,1,0,0,2,0,187,11.4901680017074
"514",2023-03-09,15,"208Pb","dissolved","none",14.3671866426262,14,0,-1,0,0,2,0,187,7.49614946342619
"515",2023-03-09,16,"208Pb","dissolved","none",22.0609701316012,15,0,0,0,0,2,0,187,9.34665521306968
"516",2023-03-09,17,"208Pb","dissolved","none",13.8553172132697,16,0,0,0,1,2,0,187,6.9940577413878
"517",2023-03-09,18,"208Pb","dissolved","none",8.33591130095108,17,-1,-1,1,-1,2,0,187,8.87551175811993
"518",2023-03-09,19,"208Pb","dissolved","none",15.4509897694824,18,1,-1,1,-1,2,0,187,12.1685890016678
"519",2023-03-09,20,"208Pb","dissolved","none",9.54214046906174,19,-1,1,1,-1,2,0,187,7.61524302020316
"520",2023-03-09,21,"208Pb","dissolved","none",19.032747736614,20,1,1,1,-1,2,0,187,18.4575519123741
"521",2023-03-09,22,"208Pb","dissolved","none",0.453963448268784,21,0,0,1,0,2,0,187,7.74470013303416
"522",2023-03-09,23,"208Pb","dissolved","none",10.6134357908513,22,-1,-1,1,1,2,0,187,4.69917781597426
"523",2023-03-09,24,"208Pb","dissolved","none",19.2257146854992,23,1,-1,1,1,2,0,187,8.4479042963445
"524",2023-03-09,25,"208Pb","dissolved","none",16.5543813014953,24,-1,1,1,1,2,0,187,4.3265686533175
"525",2023-03-09,26,"208Pb","dissolved","none",6.17687159530147,10,1,1,1,1,2,0,187,4.8947268252999
"526",2023-03-09,40,"208Pb","dissolved","none",21.2588583978288,13,0,1,0,0,2,0,187,11.3481150764088
"527",2023-03-09,41,"208Pb","dissolved","none",6.24065458523743,14,0,-1,0,0,2,0,187,7.32532000157155
"528",2023-03-09,42,"208Pb","dissolved","none",17.6625806747033,15,0,0,0,0,2,0,187,9.0391145601763
"529",2023-03-09,43,"208Pb","dissolved","none",28.9543904646259,16,0,0,0,1,2,0,187,6.69582013740035
"530",2023-03-09,44,"208Pb","dissolved","none",13.1421478013344,17,-1,-1,1,-1,2,0,187,8.41452236020061
"531",2023-03-09,45,"208Pb","dissolved","none",15.3452053894147,18,1,-1,1,-1,2,0,187,11.4294835349889
"532",2023-03-09,46,"208Pb","dissolved","none",12.4705112907951,19,-1,1,1,-1,2,0,187,7.08990068374869
"533",2023-03-09,47,"208Pb","dissolved","none",21.5817005851251,20,1,1,1,-1,2,0,187,17.0431182542354
"534",2023-03-09,48,"208Pb","dissolved","none",0.534634430423876,21,0,0,1,0,2,0,187,7.0969698160399
"535",2023-03-09,49,"208Pb","dissolved","none",10.1239573432052,22,-1,-1,1,1,2,0,187,4.27642946303723
"536",2023-03-09,50,"208Pb","dissolved","none",16.3900343986278,23,1,-1,1,1,2,0,187,7.64039701050615
"537",2023-03-09,51,"208Pb","dissolved","none",7.16597764290684,24,-1,1,1,1,2,0,187,3.8917798681705
"538",2023-03-09,52,"208Pb","dissolved","none",4.25118739140921,10,1,1,1,1,2,0,187,4.38237056139561
"539",2023-03-14,1,"208Pb","dissolved","none",35.971851373824,0,-1,-1,-1,-1,2,1,190,9.07442816111577
"540",2023-03-14,2,"208Pb","dissolved","none",6.06684201897258,1,1,-1,-1,-1,2,1,190,8.7504943086186
"541",2023-03-14,3,"208Pb","dissolved","none",40.3289999032484,2,-1,1,-1,-1,2,1,190,22.3908264069548
"542",2023-03-14,4,"208Pb","dissolved","none",34.3735518015419,3,1,1,-1,-1,2,1,190,17.6355952203083
"543",2023-03-14,5,"208Pb","dissolved","none",15.8589251074045,4,0,0,-1,0,2,1,190,10.8269424235833
"544",2023-03-14,6,"208Pb","dissolved","none",0.838318646478352,5,-1,-1,-1,1,2,1,190,5.71628260972226
"545",2023-03-14,7,"208Pb","dissolved","none",0.780066393890233,6,1,-1,-1,1,2,1,190,4.33851643343213
"546",2023-03-14,8,"208Pb","dissolved","none",37.6698636695115,7,-1,1,-1,1,2,1,190,10.7298144821698
"547",2023-03-14,9,"208Pb","dissolved","none",4.75708211150275,8,1,1,-1,1,2,1,190,22.6560726387662
"548",2023-03-14,10,"208Pb","dissolved","none",20.3393393403788,9,0,0,0,-1,2,1,190,12.2110553121941
"549",2023-03-14,12,"208Pb","dissolved","none",2.29775143762597,11,1,0,0,0,2,1,190,10.4857271592703
"550",2023-03-14,13,"208Pb","dissolved","none",2.32954361753054,12,-1,0,0,0,2,1,190,8.1365150691197
"551",2023-03-14,27,"208Pb","dissolved","none",6.75316776182962,0,-1,-1,-1,-1,2,1,190,10.1801393625577
"552",2023-03-14,28,"208Pb","dissolved","none",7.49750568251945,1,1,-1,-1,-1,2,1,190,9.75048215859097
"553",2023-03-14,29,"208Pb","dissolved","none",48.2394230366554,2,-1,1,-1,-1,2,1,190,24.7678261126108
"554",2023-03-14,30,"208Pb","dissolved","none",42.1622358755415,3,1,1,-1,-1,2,1,190,19.3554010663232
"555",2023-03-14,31,"208Pb","dissolved","none",26.1478664752995,4,0,0,-1,0,2,1,190,11.7839931541587
"556",2023-03-14,32,"208Pb","dissolved","none",0.463869858899106,5,-1,-1,-1,1,2,1,190,6.16694790853336
"557",2023-03-14,33,"208Pb","dissolved","none",0.645273214645311,6,1,-1,-1,1,2,1,190,4.63748079320294
"558",2023-03-14,34,"208Pb","dissolved","none",29.7562339978192,7,-1,1,-1,1,2,1,190,11.359366738903
"559",2023-03-14,35,"208Pb","dissolved","none",1.73577810888394,8,1,1,-1,1,2,1,190,23.7481346621766
"560",2023-03-14,36,"208Pb","dissolved","none",46.4243428356195,9,0,0,0,-1,2,1,190,12.6698217674231
"561",2023-03-14,38,"208Pb","dissolved","none",1.33145835234006,11,1,0,0,0,2,1,190,10.6548965875407
"562",2023-03-14,39,"208Pb","dissolved","none",0.667956683560274,12,-1,0,0,0,2,1,190,8.18108916576449
"563",2023-03-16,14,"208Pb","dissolved","none",16.4164083908318,13,0,1,0,0,2,0,191,11.8614311843085
"564",2023-03-16,15,"208Pb","dissolved","none",24.1910096745793,14,0,-1,0,0,2,0,191,7.73930244853967
"565",2023-03-16,16,"208Pb","dissolved","none",2.55790321646824,15,0,0,0,0,2,0,191,9.65131897388376
"566",2023-03-16,17,"208Pb","dissolved","none",18.5540563667108,16,0,0,0,1,2,0,191,7.22338516166096
"567",2023-03-16,18,"208Pb","dissolved","none",6.90247748551549,17,-1,-1,1,-1,2,0,191,9.16854703899726
"568",2023-03-16,19,"208Pb","dissolved","none",11.3384218921338,18,1,-1,1,-1,2,0,191,12.5735351905491
"569",2023-03-16,20,"208Pb","dissolved","none",6.88291487771807,19,-1,1,1,-1,2,0,191,7.87091821548235
"570",2023-03-16,21,"208Pb","dissolved","none",12.7098888212974,20,1,1,1,-1,2,0,191,19.0833325527286
"571",2023-03-16,22,"208Pb","dissolved","none",6.6876363709163,21,0,0,1,0,2,0,191,8.01007591648425
"572",2023-03-16,23,"208Pb","dissolved","none",3.66632351956454,22,-1,-1,1,1,2,0,191,4.86203780231495
"573",2023-03-16,24,"208Pb","dissolved","none",9.86565184687324,23,1,-1,1,1,2,0,191,8.74422219733055
"574",2023-03-16,25,"208Pb","dissolved","none",16.8401388592416,24,-1,1,1,1,2,0,191,4.48024044263926
"575",2023-03-16,26,"208Pb","dissolved","none",2.59102004166057,10,1,1,1,1,2,0,191,5.07083594661691
"576",2023-03-16,40,"208Pb","dissolved","none",4.95021471427163,13,0,1,0,0,2,0,191,11.8297824406265
"577",2023-03-16,41,"208Pb","dissolved","none",28.1492116426064,14,0,-1,0,0,2,0,191,7.63921400390106
"578",2023-03-16,42,"208Pb","dissolved","none",2.0581082392279,15,0,0,0,0,2,0,191,9.42998866696785
"579",2023-03-16,43,"208Pb","dissolved","none",34.0479097385856,16,0,0,0,1,2,0,191,6.98789011479525
"580",2023-03-16,44,"208Pb","dissolved","none",8.25453736107949,17,-1,-1,1,-1,2,0,191,8.78460706623513
"581",2023-03-16,45,"208Pb","dissolved","none",11.3279079114223,18,1,-1,1,-1,2,0,191,11.9361302315253
"582",2023-03-16,46,"208Pb","dissolved","none",7.5878810036841,19,-1,1,1,-1,2,0,191,7.40652834420428
"583",2023-03-16,47,"208Pb","dissolved","none",14.7344883014393,20,1,1,1,-1,2,0,191,17.809628113228
"584",2023-03-16,48,"208Pb","dissolved","none",0.747319692087241,21,0,0,1,0,2,0,191,7.41829088831673
"585",2023-03-16,49,"208Pb","dissolved","none",6.44457698371627,22,-1,-1,1,1,2,0,191,4.47127467686881
"586",2023-03-16,50,"208Pb","dissolved","none",10.1832034738912,23,1,-1,1,1,2,0,191,7.99059630880008
"587",2023-03-16,51,"208Pb","dissolved","none",8.77965360728492,24,-1,1,1,1,2,0,191,4.07116461068503
"588",2023-03-16,52,"208Pb","dissolved","none",1.86461042294002,10,1,1,1,1,2,0,191,4.58542894074299
"589",2023-03-21,1,"208Pb","dissolved","none",4.99168530178237,0,-1,-1,-1,-1,2,1,194,10.5810138208337
"590",2023-03-21,2,"208Pb","dissolved","none",8.84868060161891,1,1,-1,-1,-1,2,1,194,10.2021958140697
"591",2023-03-21,3,"208Pb","dissolved","none",33.3885724383224,2,-1,1,-1,-1,2,1,194,26.1024842744942
"592",2023-03-21,4,"208Pb","dissolved","none",21.9125224223409,3,1,1,-1,-1,2,1,194,20.5565569468695
"593",2023-03-21,5,"208Pb","dissolved","none",18.4836994481695,4,0,0,-1,0,2,1,194,12.6186625401588
"594",2023-03-21,6,"208Pb","dissolved","none",2.48992619873197,5,-1,-1,-1,1,2,1,194,6.66144547673648
"595",2023-03-21,7,"208Pb","dissolved","none",13.458181547932,6,1,-1,-1,1,2,1,194,5.05527864376684
"596",2023-03-21,8,"208Pb","dissolved","none",2.00459198137106,7,-1,1,-1,1,2,1,194,12.5011203960011
"597",2023-03-21,9,"208Pb","dissolved","none",49.972054065977,8,1,1,-1,1,2,1,194,26.3936964894612
"598",2023-03-21,10,"208Pb","dissolved","none",25.8064318585525,9,0,0,0,-1,2,1,194,14.2244623911383
"599",2023-03-21,12,"208Pb","dissolved","none",20.8150033861955,11,1,0,0,0,2,1,194,12.2137319819602
"600",2023-03-21,13,"208Pb","dissolved","none",16.0200970037976,12,-1,0,0,0,2,1,194,9.47745691801585
"601",2023-03-21,27,"208Pb","dissolved","none",6.09517844194586,0,-1,-1,-1,-1,2,1,194,11.9008165428408
"602",2023-03-21,28,"208Pb","dissolved","none",13.7970474181055,1,1,-1,-1,-1,2,1,194,11.4033283966598
"603",2023-03-21,29,"208Pb","dissolved","none",34.0972427272561,2,-1,1,-1,-1,2,1,194,28.9785884474829
"604",2023-03-21,30,"208Pb","dissolved","none",31.4621503837404,3,1,1,-1,-1,2,1,194,22.6555996532174
"605",2023-03-21,31,"208Pb","dissolved","none",25.3019870152277,4,0,0,-1,0,2,1,194,13.7990547746664
"606",2023-03-21,32,"208Pb","dissolved","none",17.0793357310056,5,-1,-1,-1,1,2,1,194,7.22452805136175
"607",2023-03-21,33,"208Pb","dissolved","none",20.7065567499188,6,1,-1,-1,1,2,1,194,5.43503454118524
"608",2023-03-21,34,"208Pb","dissolved","none",15.2243621486093,7,-1,1,-1,1,2,1,194,13.318459617993
"609",2023-03-21,35,"208Pb","dissolved","none",35.0002240290174,8,1,1,-1,1,2,1,194,27.8553195487681
"610",2023-03-21,36,"208Pb","dissolved","none",34.351371218912,9,0,0,0,-1,2,1,194,14.8671463275608
"611",2023-03-21,38,"208Pb","dissolved","none",45.3953418879863,11,1,0,0,0,2,1,194,12.5131540520439
"612",2023-03-21,39,"208Pb","dissolved","none",19.6444831470052,12,-1,0,0,0,2,1,194,9.61192934473216
"613",2023-03-23,14,"208Pb","dissolved","none",25.6599429319149,13,0,1,0,0,2,0,195,14.0878295580282
"614",2023-03-23,15,"208Pb","dissolved","none",20.3366087256549,14,0,-1,0,0,2,0,195,9.1924730553818
"615",2023-03-23,16,"208Pb","dissolved","none",22.7801604526789,15,0,0,0,0,2,0,195,11.4645541484969
"616",2023-03-23,17,"208Pb","dissolved","none",1.07418536016384,16,0,0,0,1,2,0,195,8.58159030501222
"617",2023-03-23,18,"208Pb","dissolved","none",6.64391936107498,17,-1,-1,1,-1,2,0,195,10.894325459254
"618",2023-03-23,19,"208Pb","dissolved","none",15.478457084507,18,1,-1,1,-1,2,0,195,14.9432753348071
"619",2023-03-23,20,"208Pb","dissolved","none",15.4419571542218,19,-1,1,1,-1,2,0,195,9.35658203863064
"620",2023-03-23,21,"208Pb","dissolved","none",24.4192620498363,20,1,1,1,-1,2,0,195,22.6914997054876
"621",2023-03-23,22,"208Pb","dissolved","none",26.833052128691,21,0,0,1,0,2,0,195,9.52741583575312
"622",2023-03-23,23,"208Pb","dissolved","none",12.4400053685817,22,-1,-1,1,1,2,0,195,5.78491738611794
"623",2023-03-23,24,"208Pb","dissolved","none",0.45897966883881,23,1,-1,1,1,2,0,195,10.4075753458679
"624",2023-03-23,25,"208Pb","dissolved","none",28.8037116273931,24,-1,1,1,1,2,0,195,5.33441464976236
"625",2023-03-23,26,"208Pb","dissolved","none",24.8855235800906,10,1,1,1,1,2,0,195,6.03987385302242
"626",2023-03-23,40,"208Pb","dissolved","none",44.0438774558808,13,0,1,0,0,2,0,195,14.1718214299058
"627",2023-03-23,41,"208Pb","dissolved","none",13.6672634543,14,0,-1,0,0,2,0,195,9.15563776842898
"628",2023-03-23,42,"208Pb","dissolved","none",19.9695435750821,15,0,0,0,0,2,0,195,11.3068422687931
"629",2023-03-23,43,"208Pb","dissolved","none",1.09539083410059,16,0,0,0,1,2,0,195,8.38232907192632
"630",2023-03-23,44,"208Pb","dissolved","none",7.62191948956884,17,-1,-1,1,-1,2,0,195,10.5420873127093
"631",2023-03-23,45,"208Pb","dissolved","none",14.5583844869785,18,1,-1,1,-1,2,0,195,14.3301071816373
"632",2023-03-23,46,"208Pb","dissolved","none",17.2348014575063,19,-1,1,1,-1,2,0,195,8.89563546535513
"633",2023-03-23,47,"208Pb","dissolved","none",32.0631821147849,20,1,1,1,-1,2,0,195,21.3986842331224
"634",2023-03-23,48,"208Pb","dissolved","none",15.5032475783152,21,0,0,1,0,2,0,195,8.91657988138572
"635",2023-03-23,49,"208Pb","dissolved","none",20.6856052701611,22,-1,-1,1,1,2,0,195,5.37624601001129
"636",2023-03-23,50,"208Pb","dissolved","none",0.299607288651913,23,1,-1,1,1,2,0,195,9.61103899339918
"637",2023-03-23,51,"208Pb","dissolved","none",23.6405470562532,24,-1,1,1,1,2,0,195,4.89826494756773
"638",2023-03-23,52,"208Pb","dissolved","none",3.82743113626544,10,1,1,1,1,2,0,195,5.51854250591713
"639",2023-03-28,1,"208Pb","dissolved","none",11.4091174648201,0,-1,-1,-1,-1,2,1,198,12.5807925594086
"640",2023-03-28,2,"208Pb","dissolved","none",10.0909109343028,1,1,-1,-1,-1,2,1,198,12.1291375851186
"641",2023-03-28,3,"208Pb","dissolved","none",32.3737795080593,2,-1,1,-1,-1,2,1,198,31.0286540795091
"642",2023-03-28,4,"208Pb","dissolved","none",21.7060531554999,3,1,1,-1,-1,2,1,198,24.4323637741038
"643",2023-03-28,5,"208Pb","dissolved","none",15.6203037359478,4,0,0,-1,0,2,1,198,14.9952144387832
"644",2023-03-28,6,"208Pb","dissolved","none",23.6265763427551,5,-1,-1,-1,1,2,1,198,7.9145146028574
"645",2023-03-28,7,"208Pb","dissolved","none",0.626091408005663,6,1,-1,-1,1,2,1,198,6.00498922461684
"646",2023-03-28,8,"208Pb","dissolved","none",6.78467206956165,7,-1,1,-1,1,2,1,198,14.8465441140974
"647",2023-03-28,9,"208Pb","dissolved","none",56.0208645505037,8,1,1,-1,1,2,1,198,31.3391520748744
"648",2023-03-28,10,"208Pb","dissolved","none",23.8991195701817,9,0,0,0,-1,2,1,198,16.8864401003732
"649",2023-03-28,12,"208Pb","dissolved","none",12.1315909618093,11,1,0,0,0,2,1,198,14.4946591781866
"650",2023-03-28,13,"208Pb","dissolved","none",21.2446714770266,12,-1,0,0,0,2,1,198,11.2460114779676
"651",2023-03-28,27,"208Pb","dissolved","none",10.722212381788,0,-1,-1,-1,-1,2,1,198,14.14663181666
"652",2023-03-28,28,"208Pb","dissolved","none",8.66728961060258,1,1,-1,-1,-1,2,1,198,13.5594425481375
"653",2023-03-28,29,"208Pb","dissolved","none",37.3522685786426,2,-1,1,-1,-1,2,1,198,34.4689656311562
"654",2023-03-28,30,"208Pb","dissolved","none",29.8731408496294,3,1,1,-1,-1,2,1,198,26.9571896026344
"655",2023-03-28,31,"208Pb","dissolved","none",21.4413223902223,4,0,0,-1,0,2,1,198,16.4249442751603
"656",2023-03-28,32,"208Pb","dissolved","none",44.7433164063817,5,-1,-1,-1,1,2,1,198,8.60255321399168
"657",2023-03-28,33,"208Pb","dissolved","none",0.748271382940295,6,1,-1,-1,1,2,1,198,6.47428312763385
"658",2023-03-28,34,"208Pb","dissolved","none",20.4378152865154,7,-1,1,-1,1,2,1,198,15.8716992346172
"659",2023-03-28,35,"208Pb","dissolved","none",41.0626401383199,8,1,1,-1,1,2,1,198,33.2098192742219
"660",2023-03-28,36,"208Pb","dissolved","none",48.0822194763097,9,0,0,0,-1,2,1,198,17.733076251366
"661",2023-03-28,38,"208Pb","dissolved","none",23.677480815937,11,1,0,0,0,2,1,198,14.9399248825067
"662",2023-03-28,39,"208Pb","dissolved","none",52.4621313983834,12,-1,0,0,0,2,1,198,11.4820159564689
"663",2023-03-30,14,"208Pb","dissolved","none",27.9265315136506,13,0,1,0,0,2,0,199,16.6127485449162
"664",2023-03-30,15,"208Pb","dissolved","none",16.9685987372262,14,0,-1,0,0,2,0,199,10.8389777741871
"665",2023-03-30,16,"208Pb","dissolved","none",3.79612942852926,15,0,0,0,0,2,0,199,13.517222571688
"666",2023-03-30,17,"208Pb","dissolved","none",20.6260950776768,16,0,0,0,1,2,0,199,10.117856586537
"667",2023-03-30,18,"208Pb","dissolved","none",14.7469839046063,17,-1,-1,1,-1,2,0,199,12.8448069697015
"668",2023-03-30,19,"208Pb","dissolved","none",23.7900215441074,18,1,-1,1,-1,2,0,199,17.6195635854871
"669",2023-03-30,20,"208Pb","dissolved","none",23.734264688237,19,-1,1,1,-1,2,0,199,11.033252715305
"670",2023-03-30,21,"208Pb","dissolved","none",17.3643355151858,20,1,1,1,-1,2,0,199,26.7608812944904
"671",2023-03-30,22,"208Pb","dissolved","none",24.7392069084204,21,0,0,1,0,2,0,199,11.2376615390332
"672",2023-03-30,23,"208Pb","dissolved","none",12.3016075155641,22,-1,-1,1,1,2,0,199,6.82453589359396
"673",2023-03-30,24,"208Pb","dissolved","none",5.48057174961028,23,1,-1,1,1,2,0,199,12.2803571233015
"674",2023-03-30,25,"208Pb","dissolved","none",0.512682886410624,24,-1,1,1,1,2,0,199,6.29568509354026
"675",2023-03-30,26,"208Pb","dissolved","none",9.88361307039207,10,1,1,1,1,2,0,199,7.12996640530943
"676",2023-03-30,40,"208Pb","dissolved","none",46.0243557161709,13,0,1,0,0,2,0,199,16.8269944855864
"677",2023-03-30,41,"208Pb","dissolved","none",7.19108625997089,14,0,-1,0,0,2,0,199,10.8774423725175
"678",2023-03-30,42,"208Pb","dissolved","none",1.03268580014689,15,0,0,0,0,2,0,199,13.4413067631084
"679",2023-03-30,43,"208Pb","dissolved","none",26.9338969692343,16,0,0,0,1,2,0,199,9.97077725327758
"680",2023-03-30,44,"208Pb","dissolved","none",14.8184329958269,17,-1,-1,1,-1,2,0,199,12.5474205216984
"681",2023-03-30,45,"208Pb","dissolved","none",25.3018541645086,18,1,-1,1,-1,2,0,199,17.0662117518853
"682",2023-03-30,46,"208Pb","dissolved","none",40.8428753842334,19,-1,1,1,-1,2,0,199,10.6002847843781
"683",2023-03-30,47,"208Pb","dissolved","none",18.4109334741682,20,1,1,1,-1,2,0,199,25.5135053061343
"684",2023-03-30,48,"208Pb","dissolved","none",11.9525046444285,21,0,0,1,0,2,0,199,10.636781279808
"685",2023-03-30,49,"208Pb","dissolved","none",12.8312807413466,22,-1,-1,1,1,2,0,199,6.41657563462884
"686",2023-03-30,50,"208Pb","dissolved","none",11.5509823842801,23,1,-1,1,1,2,0,199,11.4759274217604
"687",2023-03-30,51,"208Pb","dissolved","none",0.455092139022624,24,-1,1,1,1,2,0,199,5.85103184303802
"688",2023-03-30,52,"208Pb","dissolved","none",2.84076903018477,10,1,1,1,1,2,0,199,6.59426360254093
