CC,Si_lvl,pH_lvl,Mn_Fe_lvl,trimeta_lvl,date,total_changes,Si_dose,Mn_Fe_dose,pH_dose,trimeta_dose,value
1,-1,-1,-1,-1,2022-02-25,75,0,0,7.5,0,136.5204340947773
1,-1,-1,-1,-1,2022-03-02,78,0,0,7.5,0,21.502857360234746
1,-1,-1,-1,-1,2022-03-17,85,0,0,7.5,0,33.687418152453176
1,-1,-1,-1,-1,2022-03-24,90,0,0,7.5,0,22.47234171662375
1,-1,-1,-1,-1,2022-04-07,97,0,0,7.5,0,30.933198216299107
1,-1,-1,-1,-1,2022-04-13,100,0,0,7.5,0,18.467247810045343
1,-1,-1,-1,-1,2022-04-20,105,0,0,7.5,0,75.69487403300954
1,-1,-1,-1,-1,2022-04-27,109,0,0,7.5,0,17.95161362646051
1,-1,-1,-1,-1,2022-05-11,117,0,0,7.5,0,111.47676766152374
1,-1,-1,-1,-1,2022-05-25,123,0,0,7.5,0,215.9806269705404
1,-1,-1,-1,-1,2022-06-01,126,0,0,7.5,0,33.71773918859166
1,-1,-1,-1,-1,2022-06-13,130,0,0,7.5,0,60.04509790760516
1,-1,-1,-1,-1,2022-06-20,133,0,0,7.5,0,309.96083664916813
1,-1,-1,-1,-1,2022-06-29,138,0,0,7.5,0,5.542682352072396
1,-1,-1,-1,-1,2022-07-13,143,0,0,7.5,0,40.44838614971397
1,-1,-1,-1,-1,2022-07-20,145,0,0,7.5,0,27.678907232975646
1,-1,-1,-1,-1,2022-07-27,149,0,0,7.5,0,24.834862162214947
1,-1,-1,-1,-1,2022-08-03,152,0,0,7.5,0,29.718945562214373
1,-1,-1,-1,-1,2022-08-17,162,0,0,7.5,0,52.36144107958221
1,-1,-1,-1,-1,2022-09-01,165,0,0,7.5,0,44.76478265123568
1,-1,-1,-1,-1,2023-02-08,173,0,0,7.5,0,34.626855730835615
1,-1,-1,-1,-1,2023-02-14,176,0,0,7.5,0,11.102265225055469
1,-1,-1,-1,-1,2023-02-28,183,0,0,7.5,0,14.425630147716806
1,-1,-1,-1,-1,2023-03-07,186,0,0,7.5,0,14.35974801004429
1,-1,-1,-1,-1,2023-03-14,190,0,0,7.5,0,9.14905783902481
1,-1,-1,-1,-1,2023-03-21,194,0,0,7.5,0,7.36030598772121
1,-1,-1,-1,-1,2023-03-28,198,0,0,7.5,0,13.927906627755645
1,-1,-1,-1,-1,2023-04-06,202,0,0,7.5,0,15.706567067730322
1,-1,-1,-1,-1,2023-04-14,205,0,0,7.5,0,14.380567724227731
2,1,-1,-1,-1,2022-02-25,75,20,0,7.5,0,147.37349638873
2,1,-1,-1,-1,2022-03-02,78,20,0,7.5,0,22.42012527205593
2,1,-1,-1,-1,2022-03-10,83,20,0,7.5,0,81.64288600330514
2,1,-1,-1,-1,2022-03-17,85,20,0,7.5,0,32.10533000761724
2,1,-1,-1,-1,2022-03-24,90,20,0,7.5,0,32.6272081905722
2,1,-1,-1,-1,2022-04-07,97,20,0,7.5,0,40.09633344389852
2,1,-1,-1,-1,2022-04-13,100,20,0,7.5,0,170.87717492089794
2,1,-1,-1,-1,2022-04-20,105,20,0,7.5,0,70.63853838649146
2,1,-1,-1,-1,2022-04-27,109,20,0,7.5,0,101.477261728924
2,1,-1,-1,-1,2022-05-11,117,20,0,7.5,0,73.76601737792733
2,1,-1,-1,-1,2022-05-25,123,20,0,7.5,0,141.4599518476978
2,1,-1,-1,-1,2022-06-01,126,20,0,7.5,0,28.30078270860767
2,1,-1,-1,-1,2022-06-13,130,20,0,7.5,0,31.73896608315635
2,1,-1,-1,-1,2022-06-20,133,20,0,7.5,0,23.840526370410306
2,1,-1,-1,-1,2022-06-29,138,20,0,7.5,0,1.6710226203132366
2,1,-1,-1,-1,2022-07-13,143,20,0,7.5,0,38.02587978476794
2,1,-1,-1,-1,2022-07-20,145,20,0,7.5,0,43.45907724792593
2,1,-1,-1,-1,2022-07-27,149,20,0,7.5,0,56.1437114364354
2,1,-1,-1,-1,2022-08-03,152,20,0,7.5,0,75.21004724628482
2,1,-1,-1,-1,2022-08-17,162,20,0,7.5,0,45.096819942312855
2,1,-1,-1,-1,2022-09-01,165,20,0,7.5,0,18.70296559996337
2,1,-1,-1,-1,2023-02-08,173,20,0,7.5,0,22.111642403211192
2,1,-1,-1,-1,2023-02-14,176,20,0,7.5,0,17.26874729399645
2,1,-1,-1,-1,2023-02-28,183,20,0,7.5,0,16.055861865630156
2,1,-1,-1,-1,2023-03-07,186,20,0,7.5,0,17.505553473512347
2,1,-1,-1,-1,2023-03-14,190,20,0,7.5,0,11.310735673183991
2,1,-1,-1,-1,2023-03-21,194,20,0,7.5,0,9.830322584407984
2,1,-1,-1,-1,2023-03-28,198,20,0,7.5,0,28.90292450342764
2,1,-1,-1,-1,2023-04-06,202,20,0,7.5,0,29.66979888053341
2,1,-1,-1,-1,2023-04-14,205,20,0,7.5,0,14.851717547759144
3,-1,-1,-1,1,2022-02-25,75,0,0,7.5,1,120.41526223430564
3,-1,-1,-1,1,2022-03-02,78,0,0,7.5,1,54.17990791015338
3,-1,-1,-1,1,2022-03-17,85,0,0,7.5,1,28.520649481367116
3,-1,-1,-1,1,2022-03-24,90,0,0,7.5,1,30.169147296435643
3,-1,-1,-1,1,2022-04-07,97,0,0,7.5,1,32.829207946963884
3,-1,-1,-1,1,2022-04-13,100,0,0,7.5,1,35.20875281459796
3,-1,-1,-1,1,2022-04-20,105,0,0,7.5,1,29.885829521458547
3,-1,-1,-1,1,2022-04-27,109,0,0,7.5,1,44.991708579777054
3,-1,-1,-1,1,2022-05-11,117,0,0,7.5,1,45.66498751236151
3,-1,-1,-1,1,2022-05-25,123,0,0,7.5,1,49.71037295913073
3,-1,-1,-1,1,2022-06-01,126,0,0,7.5,1,45.75929689185992
3,-1,-1,-1,1,2022-06-13,130,0,0,7.5,1,42.49599164824165
3,-1,-1,-1,1,2022-06-20,133,0,0,7.5,1,52.93322281483176
3,-1,-1,-1,1,2022-06-29,138,0,0,7.5,1,6.429772486696232
3,-1,-1,-1,1,2022-07-13,143,0,0,7.5,1,67.3113237924872
3,-1,-1,-1,1,2022-07-20,145,0,0,7.5,1,66.94352505059666
3,-1,-1,-1,1,2022-07-27,149,0,0,7.5,1,72.23288823865664
3,-1,-1,-1,1,2022-08-03,152,0,0,7.5,1,150.40386735875788
3,-1,-1,-1,1,2022-08-17,162,0,0,7.5,1,62.751463595345406
3,-1,-1,-1,1,2022-09-01,165,0,0,7.5,1,89.21618899770651
3,-1,-1,-1,1,2023-02-08,173,0,0,7.5,1,44.31284650378702
3,-1,-1,-1,1,2023-02-14,176,0,0,7.5,1,37.51794807141421
3,-1,-1,-1,1,2023-02-28,183,0,0,7.5,1,38.921641950856646
3,-1,-1,-1,1,2023-03-07,186,0,0,7.5,1,40.96181196463384
3,-1,-1,-1,1,2023-03-14,190,0,0,7.5,1,43.31933911195651
3,-1,-1,-1,1,2023-03-21,194,0,0,7.5,1,39.929183467387986
3,-1,-1,-1,1,2023-03-28,198,0,0,7.5,1,45.985611593245565
3,-1,-1,-1,1,2023-04-06,202,0,0,7.5,1,63.9400895710041
3,-1,-1,-1,1,2023-04-14,205,0,0,7.5,1,54.1679358673862
4,1,-1,-1,1,2022-02-25,75,20,0,7.5,1,65.38660440654705
4,1,-1,-1,1,2022-03-02,78,20,0,7.5,1,23.613453609477
4,1,-1,-1,1,2022-03-10,83,20,0,7.5,1,33.785895877195514
4,1,-1,-1,1,2022-03-17,85,20,0,7.5,1,36.50232792082047
4,1,-1,-1,1,2022-03-24,90,20,0,7.5,1,33.58005424027628
4,1,-1,-1,1,2022-04-07,97,20,0,7.5,1,36.6720496923879
4,1,-1,-1,1,2022-04-13,100,20,0,7.5,1,57.559904160508175
4,1,-1,-1,1,2022-04-20,105,20,0,7.5,1,51.592295593320266
4,1,-1,-1,1,2022-04-27,109,20,0,7.5,1,38.76714871224091
4,1,-1,-1,1,2022-05-11,117,20,0,7.5,1,38.41607207575264
4,1,-1,-1,1,2022-05-25,123,20,0,7.5,1,72.73075231110698
4,1,-1,-1,1,2022-06-01,126,20,0,7.5,1,30.786182725435008
4,1,-1,-1,1,2022-06-13,130,20,0,7.5,1,27.620060123771125
4,1,-1,-1,1,2022-06-20,133,20,0,7.5,1,29.96362801363937
4,1,-1,-1,1,2022-06-29,138,20,0,7.5,1,2.174475855592171
4,1,-1,-1,1,2022-07-13,143,20,0,7.5,1,250.7453040741901
4,1,-1,-1,1,2022-07-20,145,20,0,7.5,1,79.86047451430515
4,1,-1,-1,1,2022-07-27,149,20,0,7.5,1,42.18036701943617
4,1,-1,-1,1,2022-08-03,152,20,0,7.5,1,43.56984260576025
4,1,-1,-1,1,2022-08-17,162,20,0,7.5,1,59.28816638582912
4,1,-1,-1,1,2022-09-01,165,20,0,7.5,1,39.776662067106926
4,1,-1,-1,1,2023-02-08,173,20,0,7.5,1,34.8625391553588
4,1,-1,-1,1,2023-02-14,176,20,0,7.5,1,33.926557455081884
4,1,-1,-1,1,2023-02-28,183,20,0,7.5,1,33.70543527801043
4,1,-1,-1,1,2023-03-07,186,20,0,7.5,1,22.689312615038013
4,1,-1,-1,1,2023-03-14,190,20,0,7.5,1,39.7922839013431
4,1,-1,-1,1,2023-03-21,194,20,0,7.5,1,27.61109548947671
4,1,-1,-1,1,2023-03-28,198,20,0,7.5,1,25.501963988132644
4,1,-1,-1,1,2023-04-06,202,20,0,7.5,1,74.01839863281046
4,1,-1,-1,1,2023-04-14,205,20,0,7.5,1,29.30024813354357
5,0,-1,0,0,2022-02-25,75,10,0.5,7.5,0.5,53.55143080408584
5,0,-1,0,0,2022-03-02,78,10,0.5,7.5,0.5,23.736097310755085
5,0,-1,0,0,2022-03-10,83,10,0.5,7.5,0.5,23.54736078711021
5,0,-1,0,0,2022-03-17,85,10,0.5,7.5,0.5,46.7387277844683
5,0,-1,0,0,2022-03-24,90,10,0.5,7.5,0.5,40.30718633518904
5,0,-1,0,0,2022-04-07,97,10,0.5,7.5,0.5,53.760783788268974
5,0,-1,0,0,2022-04-13,100,10,0.5,7.5,0.5,41.14969001449724
5,0,-1,0,0,2022-04-20,105,10,0.5,7.5,0.5,318.5250913961756
5,0,-1,0,0,2022-04-27,109,10,0.5,7.5,0.5,35.36325539724657
5,0,-1,0,0,2022-05-11,117,10,0.5,7.5,0.5,86.0103414573262
5,0,-1,0,0,2022-05-25,123,10,0.5,7.5,0.5,61.13148908083593
5,0,-1,0,0,2022-06-01,126,10,0.5,7.5,0.5,27.89424401252959
5,0,-1,0,0,2022-06-13,130,10,0.5,7.5,0.5,18.619430850600693
5,0,-1,0,0,2022-06-20,133,10,0.5,7.5,0.5,38.07030677108441
5,0,-1,0,0,2022-06-29,138,10,0.5,7.5,0.5,3.31239667800566
5,0,-1,0,0,2022-07-13,143,10,0.5,7.5,0.5,56.900766713004955
5,0,-1,0,0,2022-07-20,145,10,0.5,7.5,0.5,183.21503904586226
5,0,-1,0,0,2022-07-27,149,10,0.5,7.5,0.5,192.58953093651755
5,0,-1,0,0,2022-08-03,152,10,0.5,7.5,0.5,119.67598205873512
5,0,-1,0,0,2022-08-17,162,10,0.5,7.5,0.5,41.12084640119616
5,0,-1,0,0,2022-09-01,165,10,0.5,7.5,0.5,24.849910318941227
5,0,-1,0,0,2023-02-08,173,10,0.5,7.5,0.5,25.52138226420737
5,0,-1,0,0,2023-02-14,176,10,0.5,7.5,0.5,15.337826586368626
5,0,-1,0,0,2023-02-28,183,10,0.5,7.5,0.5,21.590316451051063
5,0,-1,0,0,2023-03-07,186,10,0.5,7.5,0.5,11.029851129038295
5,0,-1,0,0,2023-03-14,190,10,0.5,7.5,0.5,16.460887635081903
5,0,-1,0,0,2023-03-21,194,10,0.5,7.5,0.5,23.42734269887847
5,0,-1,0,0,2023-03-28,198,10,0.5,7.5,0.5,20.391677228081647
5,0,-1,0,0,2023-04-06,202,10,0.5,7.5,0.5,64.20491263693924
5,0,-1,0,0,2023-04-14,205,10,0.5,7.5,0.5,18.510263887243788
6,-1,-1,1,-1,2022-02-25,75,0,1,7.5,0,302.38026638607926
6,-1,-1,1,-1,2022-03-02,78,0,1,7.5,0,238.94551994148867
6,-1,-1,1,-1,2022-03-10,83,0,1,7.5,0,23.97675036230792
6,-1,-1,1,-1,2022-03-17,85,0,1,7.5,0,80.35100747766762
6,-1,-1,1,-1,2022-03-24,90,0,1,7.5,0,34.39122521697011
6,-1,-1,1,-1,2022-04-07,97,0,1,7.5,0,89.16383356071523
6,-1,-1,1,-1,2022-04-13,100,0,1,7.5,0,69.0934060367914
6,-1,-1,1,-1,2022-04-20,105,0,1,7.5,0,145.56658881688097
6,-1,-1,1,-1,2022-04-27,109,0,1,7.5,0,63.57192647949759
6,-1,-1,1,-1,2022-05-11,117,0,1,7.5,0,50.850314959917824
6,-1,-1,1,-1,2022-05-25,123,0,1,7.5,0,43.54962377604491
6,-1,-1,1,-1,2022-06-01,126,0,1,7.5,0,49.45470732865616
6,-1,-1,1,-1,2022-06-13,130,0,1,7.5,0,82.72664978744406
6,-1,-1,1,-1,2022-06-20,133,0,1,7.5,0,101.97751616149458
6,-1,-1,1,-1,2022-06-29,138,0,1,7.5,0,5.473083469646538
6,-1,-1,1,-1,2022-07-13,143,0,1,7.5,0,35.58240082480843
6,-1,-1,1,-1,2022-07-20,145,0,1,7.5,0,48.14315080808507
6,-1,-1,1,-1,2022-07-27,149,0,1,7.5,0,33.626551415412166
6,-1,-1,1,-1,2022-08-03,152,0,1,7.5,0,74.7964873290314
6,-1,-1,1,-1,2022-08-17,162,0,1,7.5,0,71.7586710591527
6,-1,-1,1,-1,2022-09-01,165,0,1,7.5,0,75.38541121079551
6,-1,-1,1,-1,2023-02-08,173,0,1,7.5,0,34.66599480718289
6,-1,-1,1,-1,2023-02-14,176,0,1,7.5,0,18.635016165103448
6,-1,-1,1,-1,2023-02-28,183,0,1,7.5,0,18.14121187210849
6,-1,-1,1,-1,2023-03-07,186,0,1,7.5,0,15.404952295433912
6,-1,-1,1,-1,2023-03-14,190,0,1,7.5,0,31.869594747113062
6,-1,-1,1,-1,2023-03-21,194,0,1,7.5,0,15.401802787120747
6,-1,-1,1,-1,2023-03-28,198,0,1,7.5,0,24.74977955788904
6,-1,-1,1,-1,2023-04-06,202,0,1,7.5,0,47.03210232630375
6,-1,-1,1,-1,2023-04-14,205,0,1,7.5,0,33.31485863945428
7,1,-1,1,-1,2022-02-25,75,20,1,7.5,0,128.392771676874
7,1,-1,1,-1,2022-03-02,78,20,1,7.5,0,43.99795603239565
7,1,-1,1,-1,2022-03-10,83,20,1,7.5,0,95.5351107597388
7,1,-1,1,-1,2022-03-17,85,20,1,7.5,0,75.69503830923571
7,1,-1,1,-1,2022-03-24,90,20,1,7.5,0,60.142209148517246
7,1,-1,1,-1,2022-04-07,97,20,1,7.5,0,151.98850030687274
7,1,-1,1,-1,2022-04-13,100,20,1,7.5,0,153.8593607448684
7,1,-1,1,-1,2022-04-20,105,20,1,7.5,0,176.797596251235
7,1,-1,1,-1,2022-04-27,109,20,1,7.5,0,129.21053465275526
7,1,-1,1,-1,2022-05-11,117,20,1,7.5,0,62.4540517625065
7,1,-1,1,-1,2022-05-25,123,20,1,7.5,0,73.89435526536668
7,1,-1,1,-1,2022-06-01,126,20,1,7.5,0,65.44129471790187
7,1,-1,1,-1,2022-06-13,130,20,1,7.5,0,80.79945273326382
7,1,-1,1,-1,2022-06-20,133,20,1,7.5,0,120.82214204119252
7,1,-1,1,-1,2022-06-29,138,20,1,7.5,0,4.014353658207953
7,1,-1,1,-1,2022-07-13,143,20,1,7.5,0,77.2601651783589
7,1,-1,1,-1,2022-07-20,145,20,1,7.5,0,40.02911139738363
7,1,-1,1,-1,2022-07-27,149,20,1,7.5,0,34.73416556701796
7,1,-1,1,-1,2022-08-03,152,20,1,7.5,0,111.4252734521724
7,1,-1,1,-1,2022-08-17,162,20,1,7.5,0,34.11484432583622
7,1,-1,1,-1,2022-09-01,165,20,1,7.5,0,15.252887052456805
7,1,-1,1,-1,2023-02-08,173,20,1,7.5,0,22.876508230102736
7,1,-1,1,-1,2023-02-14,176,20,1,7.5,0,18.476085591979288
7,1,-1,1,-1,2023-02-28,183,20,1,7.5,0,15.228048824736806
7,1,-1,1,-1,2023-03-07,186,20,1,7.5,0,11.082531755288295
7,1,-1,1,-1,2023-03-14,190,20,1,7.5,0,23.15140721616647
7,1,-1,1,-1,2023-03-21,194,20,1,7.5,0,15.923589541498234
7,1,-1,1,-1,2023-03-28,198,20,1,7.5,0,15.484038720819036
7,1,-1,1,-1,2023-04-06,202,20,1,7.5,0,30.555231100378425
7,1,-1,1,-1,2023-04-14,205,20,1,7.5,0,14.148174821144089
8,-1,-1,1,1,2022-02-25,75,0,1,7.5,1,130.0338261494889
8,-1,-1,1,1,2022-03-02,78,0,1,7.5,1,75.1229521664198
8,-1,-1,1,1,2022-03-10,83,0,1,7.5,1,29.87038108782749
8,-1,-1,1,1,2022-03-17,85,0,1,7.5,1,80.57401094707637
8,-1,-1,1,1,2022-03-24,90,0,1,7.5,1,76.85309957850782
8,-1,-1,1,1,2022-04-07,97,0,1,7.5,1,108.52979537131634
8,-1,-1,1,1,2022-04-13,100,0,1,7.5,1,120.05310480009112
8,-1,-1,1,1,2022-04-20,105,0,1,7.5,1,102.0972775285306
8,-1,-1,1,1,2022-04-27,109,0,1,7.5,1,92.6059336990886
8,-1,-1,1,1,2022-05-11,117,0,1,7.5,1,88.30223383182192
8,-1,-1,1,1,2022-05-25,123,0,1,7.5,1,52.9099754231487
8,-1,-1,1,1,2022-06-01,126,0,1,7.5,1,168.16020460366633
8,-1,-1,1,1,2022-06-13,130,0,1,7.5,1,66.16596397054481
8,-1,-1,1,1,2022-06-20,133,0,1,7.5,1,66.45828727355381
8,-1,-1,1,1,2022-06-29,138,0,1,7.5,1,7.014957203511711
8,-1,-1,1,1,2022-07-13,143,0,1,7.5,1,68.65995475904077
8,-1,-1,1,1,2022-07-20,145,0,1,7.5,1,60.90869398889302
8,-1,-1,1,1,2022-07-27,149,0,1,7.5,1,45.22564539956595
8,-1,-1,1,1,2022-08-03,152,0,1,7.5,1,191.8231907153858
8,-1,-1,1,1,2022-08-17,162,0,1,7.5,1,82.64057248862821
8,-1,-1,1,1,2022-09-01,165,0,1,7.5,1,49.53459467287991
8,-1,-1,1,1,2023-02-08,173,0,1,7.5,1,60.704124903982766
8,-1,-1,1,1,2023-02-14,176,0,1,7.5,1,41.34531221427402
8,-1,-1,1,1,2023-02-28,183,0,1,7.5,1,49.7697127662052
8,-1,-1,1,1,2023-03-07,186,0,1,7.5,1,34.256770543218025
8,-1,-1,1,1,2023-03-14,190,0,1,7.5,1,48.27598000308955
8,-1,-1,1,1,2023-03-21,194,0,1,7.5,1,36.28023986629711
8,-1,-1,1,1,2023-03-28,198,0,1,7.5,1,45.74228335600567
8,-1,-1,1,1,2023-04-06,202,0,1,7.5,1,90.43637644032312
8,-1,-1,1,1,2023-04-14,205,0,1,7.5,1,54.197893500118816
9,1,-1,1,1,2022-02-25,75,20,1,7.5,1,110.34661045954395
9,1,-1,1,1,2022-03-02,78,20,1,7.5,1,35.2606615565752
9,1,-1,1,1,2022-03-10,83,20,1,7.5,1,22.888162187111007
9,1,-1,1,1,2022-03-17,85,20,1,7.5,1,235.9644636756297
9,1,-1,1,1,2022-03-24,90,20,1,7.5,1,69.91736761003827
9,1,-1,1,1,2022-04-07,97,20,1,7.5,1,217.1425903041866
9,1,-1,1,1,2022-04-13,100,20,1,7.5,1,115.94038209707529
9,1,-1,1,1,2022-04-20,105,20,1,7.5,1,94.518810951925
9,1,-1,1,1,2022-04-27,109,20,1,7.5,1,78.711173675913
9,1,-1,1,1,2022-05-11,117,20,1,7.5,1,157.19731446890273
9,1,-1,1,1,2022-05-25,123,20,1,7.5,1,155.48071776576634
9,1,-1,1,1,2022-06-01,126,20,1,7.5,1,103.84788170667362
9,1,-1,1,1,2022-06-13,130,20,1,7.5,1,163.11012809867324
9,1,-1,1,1,2022-06-20,133,20,1,7.5,1,75.71120949902958
9,1,-1,1,1,2022-07-13,143,20,1,7.5,1,82.92763897039332
9,1,-1,1,1,2022-07-20,145,20,1,7.5,1,130.14408379412595
9,1,-1,1,1,2022-07-27,149,20,1,7.5,1,83.99851996572337
9,1,-1,1,1,2022-08-03,152,20,1,7.5,1,89.43439060886926
9,1,-1,1,1,2022-08-17,162,20,1,7.5,1,166.48282042495643
9,1,-1,1,1,2022-09-01,165,20,1,7.5,1,494.08512308565736
9,1,-1,1,1,2023-02-08,173,20,1,7.5,1,56.32878703530441
9,1,-1,1,1,2023-02-14,176,20,1,7.5,1,50.30006659777609
9,1,-1,1,1,2023-02-28,183,20,1,7.5,1,55.33286084983133
9,1,-1,1,1,2023-03-07,186,20,1,7.5,1,59.684109290935424
9,1,-1,1,1,2023-03-14,190,20,1,7.5,1,93.11196882661397
9,1,-1,1,1,2023-03-21,194,20,1,7.5,1,57.54548021304161
9,1,-1,1,1,2023-03-28,198,20,1,7.5,1,61.42285656579305
9,1,-1,1,1,2023-04-06,202,20,1,7.5,1,131.9426279760615
9,1,-1,1,1,2023-04-14,205,20,1,7.5,1,52.73082331374548
10,0,0,-1,0,2022-03-02,78,10,0,8.5,0.5,43.2095711364052
10,0,0,-1,0,2022-03-10,83,10,0,8.5,0.5,14.29343248328945
10,0,0,-1,0,2022-03-17,85,10,0,8.5,0.5,25.837429089411593
10,0,0,-1,0,2022-03-24,90,10,0,8.5,0.5,23.616377156446248
10,0,0,-1,0,2022-04-07,97,10,0,8.5,0.5,30.518462607225803
10,0,0,-1,0,2022-04-13,100,10,0,8.5,0.5,72.01564760870814
10,0,0,-1,0,2022-04-20,105,10,0,8.5,0.5,33.35086463803415
10,0,0,-1,0,2022-04-27,109,10,0,8.5,0.5,27.34635061093145
10,0,0,-1,0,2022-05-11,117,10,0,8.5,0.5,61.463059791102594
10,0,0,-1,0,2022-05-25,123,10,0,8.5,0.5,40.79973495597518
10,0,0,-1,0,2022-06-01,126,10,0,8.5,0.5,19.95018749434824
10,0,0,-1,0,2022-06-13,130,10,0,8.5,0.5,106.82521175481313
10,0,0,-1,0,2022-06-20,133,10,0,8.5,0.5,29.93242089831638
10,0,0,-1,0,2022-06-29,138,10,0,8.5,0.5,6.325139528726126
10,0,0,-1,0,2022-07-13,143,10,0,8.5,0.5,80.43702362492306
10,0,0,-1,0,2022-07-20,145,10,0,8.5,0.5,144.90512753006703
10,0,0,-1,0,2022-07-27,149,10,0,8.5,0.5,65.00290455918082
10,0,0,-1,0,2022-08-03,152,10,0,8.5,0.5,102.06932392406398
10,0,0,-1,0,2022-08-17,162,10,0,8.5,0.5,53.05850117643392
10,0,0,-1,0,2022-09-01,165,10,0,8.5,0.5,256.77371321690174
10,0,0,-1,0,2023-02-08,173,10,0,8.5,0.5,24.973224576138225
10,0,0,-1,0,2023-02-14,176,10,0,8.5,0.5,22.23829232973598
10,0,0,-1,0,2023-02-28,183,10,0,8.5,0.5,21.583430249919168
10,0,0,-1,0,2023-03-07,186,10,0,8.5,0.5,22.58564309775467
10,0,0,-1,0,2023-03-14,190,10,0,8.5,0.5,26.5096579653262
10,0,0,-1,0,2023-03-21,194,10,0,8.5,0.5,30.933450142665897
10,0,0,-1,0,2023-03-28,198,10,0,8.5,0.5,22.790326360887
10,0,0,-1,0,2023-04-06,202,10,0,8.5,0.5,33.7221161692231
10,0,0,-1,0,2023-04-14,205,10,0,8.5,0.5,30.33248869017787
12,1,0,0,0,2022-02-25,75,20,0.5,8.5,0.5,99.67782680849508
12,1,0,0,0,2022-03-02,78,20,0.5,8.5,0.5,31.394989529054723
12,1,0,0,0,2022-03-10,83,20,0.5,8.5,0.5,15.624607171783692
12,1,0,0,0,2022-03-17,85,20,0.5,8.5,0.5,36.4619140278363
12,1,0,0,0,2022-03-24,90,20,0.5,8.5,0.5,25.66541725898686
12,1,0,0,0,2022-04-07,97,20,0.5,8.5,0.5,74.81315635707313
12,1,0,0,0,2022-04-13,100,20,0.5,8.5,0.5,63.53706566572749
12,1,0,0,0,2022-04-20,105,20,0.5,8.5,0.5,65.64800310309461
12,1,0,0,0,2022-04-27,109,20,0.5,8.5,0.5,67.52064244159261
12,1,0,0,0,2022-05-11,117,20,0.5,8.5,0.5,23.7716338181218
12,1,0,0,0,2022-06-01,126,20,0.5,8.5,0.5,17.624202186435088
12,1,0,0,0,2022-06-13,130,20,0.5,8.5,0.5,50.57567281425349
12,1,0,0,0,2022-06-20,133,20,0.5,8.5,0.5,35.88898217772131
12,1,0,0,0,2022-07-13,143,20,0.5,8.5,0.5,170.26975543628262
12,1,0,0,0,2022-07-20,145,20,0.5,8.5,0.5,138.2030343617766
12,1,0,0,0,2022-07-27,149,20,0.5,8.5,0.5,53.87330755219647
12,1,0,0,0,2022-08-03,152,20,0.5,8.5,0.5,87.08952362900656
12,1,0,0,0,2022-08-17,162,20,0.5,8.5,0.5,38.916452823667086
12,1,0,0,0,2022-09-01,165,20,0.5,8.5,0.5,66.27834479799283
12,1,0,0,0,2023-02-08,173,20,0.5,8.5,0.5,34.25329224645857
12,1,0,0,0,2023-02-14,176,20,0.5,8.5,0.5,21.823265917282995
12,1,0,0,0,2023-02-28,183,20,0.5,8.5,0.5,23.13778096749847
12,1,0,0,0,2023-03-07,186,20,0.5,8.5,0.5,18.50429417541768
12,1,0,0,0,2023-03-14,190,20,0.5,8.5,0.5,22.118989203577875
12,1,0,0,0,2023-03-21,194,20,0.5,8.5,0.5,25.661438231358254
12,1,0,0,0,2023-03-28,198,20,0.5,8.5,0.5,21.465140484663358
12,1,0,0,0,2023-04-06,202,20,0.5,8.5,0.5,48.366229136126535
12,1,0,0,0,2023-04-14,205,20,0.5,8.5,0.5,28.336907339691606
13,-1,0,0,0,2022-02-25,75,0,0.5,8.5,0.5,101.76666319756984
13,-1,0,0,0,2022-03-02,78,0,0.5,8.5,0.5,34.8817265724814
13,-1,0,0,0,2022-03-10,83,0,0.5,8.5,0.5,15.014051203501332
13,-1,0,0,0,2022-03-17,85,0,0.5,8.5,0.5,55.078371876561874
13,-1,0,0,0,2022-03-24,90,0,0.5,8.5,0.5,44.242750072449006
13,-1,0,0,0,2022-04-07,97,0,0.5,8.5,0.5,72.50677594025825
13,-1,0,0,0,2022-04-13,100,0,0.5,8.5,0.5,49.07205028539635
13,-1,0,0,0,2022-04-20,105,0,0.5,8.5,0.5,49.22827057251044
13,-1,0,0,0,2022-04-27,109,0,0.5,8.5,0.5,59.798305502817946
13,-1,0,0,0,2022-05-11,117,0,0.5,8.5,0.5,78.04960648493093
13,-1,0,0,0,2022-06-01,126,0,0.5,8.5,0.5,43.32034501472376
13,-1,0,0,0,2022-06-13,130,0,0.5,8.5,0.5,62.76498460956429
13,-1,0,0,0,2022-06-20,133,0,0.5,8.5,0.5,37.20989681943762
13,-1,0,0,0,2022-06-29,138,0,0.5,8.5,0.5,7.026402855109664
13,-1,0,0,0,2022-07-13,143,0,0.5,8.5,0.5,63.19332938246848
13,-1,0,0,0,2022-07-20,145,0,0.5,8.5,0.5,60.80490135540391
13,-1,0,0,0,2022-07-27,149,0,0.5,8.5,0.5,164.66137899282916
13,-1,0,0,0,2022-08-03,152,0,0.5,8.5,0.5,323.6546221331063
13,-1,0,0,0,2022-08-17,162,0,0.5,8.5,0.5,55.34308515091582
13,-1,0,0,0,2022-09-01,165,0,0.5,8.5,0.5,45.3751376336535
13,-1,0,0,0,2023-02-08,173,0,0.5,8.5,0.5,34.83030736548153
13,-1,0,0,0,2023-02-14,176,0,0.5,8.5,0.5,31.21126448216981
13,-1,0,0,0,2023-02-28,183,0,0.5,8.5,0.5,38.729027811366095
13,-1,0,0,0,2023-03-07,186,0,0.5,8.5,0.5,31.54221292159473
13,-1,0,0,0,2023-03-14,190,0,0.5,8.5,0.5,37.4637983977948
13,-1,0,0,0,2023-03-21,194,0,0.5,8.5,0.5,23.844448009248342
13,-1,0,0,0,2023-03-28,198,0,0.5,8.5,0.5,29.027992654181517
13,-1,0,0,0,2023-04-06,202,0,0.5,8.5,0.5,76.1878980852177
13,-1,0,0,0,2023-04-14,205,0,0.5,8.5,0.5,47.2925123047467
14,0,0,0,1,2022-02-25,75,10,0.5,8.5,1,87.63207935349833
14,0,0,0,1,2022-03-02,78,10,0.5,8.5,1,21.41584773775187
14,0,0,0,1,2022-03-10,83,10,0.5,8.5,1,27.247817647681256
14,0,0,0,1,2022-03-17,85,10,0.5,8.5,1,18.179949985018094
14,0,0,0,1,2022-03-24,90,10,0.5,8.5,1,50.58934024654377
14,0,0,0,1,2022-04-07,97,10,0.5,8.5,1,70.34106517337412
14,0,0,0,1,2022-04-13,100,10,0.5,8.5,1,68.47585362019197
14,0,0,0,1,2022-04-20,105,10,0.5,8.5,1,55.003127536995216
14,0,0,0,1,2022-04-27,109,10,0.5,8.5,1,55.2734765772828
14,0,0,0,1,2022-05-11,117,10,0.5,8.5,1,51.02129488039691
14,0,0,0,1,2022-05-25,123,10,0.5,8.5,1,39.62553434813446
14,0,0,0,1,2022-06-01,126,10,0.5,8.5,1,57.42395839371876
14,0,0,0,1,2022-06-13,130,10,0.5,8.5,1,65.33704136851507
14,0,0,0,1,2022-06-20,133,10,0.5,8.5,1,53.4288805792571
14,0,0,0,1,2022-07-13,143,10,0.5,8.5,1,253.8119520766953
14,0,0,0,1,2022-07-20,145,10,0.5,8.5,1,70.11208805462542
14,0,0,0,1,2022-07-27,149,10,0.5,8.5,1,38.530893872437744
14,0,0,0,1,2022-08-03,152,10,0.5,8.5,1,54.91846634156158
14,0,0,0,1,2022-08-17,162,10,0.5,8.5,1,45.95913661090754
14,0,0,0,1,2022-09-01,165,10,0.5,8.5,1,39.4390042868073
14,0,0,0,1,2023-02-08,173,10,0.5,8.5,1,33.29939761707396
14,0,0,0,1,2023-02-16,177,10,0.5,8.5,1,18.304952430863487
14,0,0,0,1,2023-02-23,180,10,0.5,8.5,1,56.68095407247057
14,0,0,0,1,2023-03-09,187,10,0.5,8.5,1,22.946014235281087
14,0,0,0,1,2023-03-16,191,10,0.5,8.5,1,19.72351312089756
14,0,0,0,1,2023-03-23,195,10,0.5,8.5,1,32.944650385495926
14,0,0,0,1,2023-03-30,199,10,0.5,8.5,1,30.11370708153596
14,0,0,0,1,2023-04-06,202,10,0.5,8.5,1,69.98635019243441
14,0,0,0,1,2023-04-14,205,10,0.5,8.5,1,30.361837868154936
15,0,0,0,-1,2022-02-25,75,10,0.5,8.5,0,42.21503984750763
15,0,0,0,-1,2022-03-02,78,10,0.5,8.5,0,18.03978381150387
15,0,0,0,-1,2022-03-10,83,10,0.5,8.5,0,26.84489406807376
15,0,0,0,-1,2022-03-17,85,10,0.5,8.5,0,52.687484523545095
15,0,0,0,-1,2022-03-24,90,10,0.5,8.5,0,24.10739926058729
15,0,0,0,-1,2022-04-07,97,10,0.5,8.5,0,75.95892839721935
15,0,0,0,-1,2022-04-13,100,10,0.5,8.5,0,48.474456330725694
15,0,0,0,-1,2022-04-20,105,10,0.5,8.5,0,45.91659087951155
15,0,0,0,-1,2022-04-27,109,10,0.5,8.5,0,185.9175281438546
15,0,0,0,-1,2022-05-11,117,10,0.5,8.5,0,39.889517183224655
15,0,0,0,-1,2022-06-01,126,10,0.5,8.5,0,33.899608054557
15,0,0,0,-1,2022-06-13,130,10,0.5,8.5,0,121.15124294298964
15,0,0,0,-1,2022-06-20,133,10,0.5,8.5,0,214.13647314884363
15,0,0,0,-1,2022-06-22,134,10,0.5,8.5,0,76.05732024264931
15,0,0,0,-1,2022-07-13,143,10,0.5,8.5,0,163.54533247592278
15,0,0,0,-1,2022-07-20,145,10,0.5,8.5,0,97.52920524621614
15,0,0,0,-1,2022-07-27,149,10,0.5,8.5,0,34.91204698427137
15,0,0,0,-1,2022-08-03,152,10,0.5,8.5,0,113.57179087304227
15,0,0,0,-1,2022-08-17,162,10,0.5,8.5,0,63.05645499948528
15,0,0,0,-1,2022-09-01,165,10,0.5,8.5,0,53.19163339285069
15,0,0,0,-1,2023-02-08,173,10,0.5,8.5,0,43.218720815808965
15,0,0,0,-1,2023-02-16,177,10,0.5,8.5,0,24.703573666899327
15,0,0,0,-1,2023-02-23,180,10,0.5,8.5,0,49.758474240395664
15,0,0,0,-1,2023-03-09,187,10,0.5,8.5,0,18.355983879908184
15,0,0,0,-1,2023-03-16,191,10,0.5,8.5,0,23.51508586769913
15,0,0,0,-1,2023-03-23,195,10,0.5,8.5,0,21.6181856128882
15,0,0,0,-1,2023-03-30,199,10,0.5,8.5,0,22.22859732386144
15,0,0,0,-1,2023-04-06,202,10,0.5,8.5,0,46.22240175628039
15,0,0,0,-1,2023-04-14,205,10,0.5,8.5,0,26.086136905132488
16,0,0,0,0,2022-02-25,75,10,0.5,8.5,0.5,108.39664976635316
16,0,0,0,0,2022-03-02,78,10,0.5,8.5,0.5,25.776282553870075
16,0,0,0,0,2022-03-10,83,10,0.5,8.5,0.5,16.89852899776657
16,0,0,0,0,2022-03-17,85,10,0.5,8.5,0.5,68.90800450177133
16,0,0,0,0,2022-03-24,90,10,0.5,8.5,0.5,63.94045767131745
16,0,0,0,0,2022-04-07,97,10,0.5,8.5,0.5,88.28531928997033
16,0,0,0,0,2022-04-13,100,10,0.5,8.5,0.5,270.120862994593
16,0,0,0,0,2022-04-20,105,10,0.5,8.5,0.5,93.1561847908352
16,0,0,0,0,2022-04-27,109,10,0.5,8.5,0.5,84.14794837962488
16,0,0,0,0,2022-05-11,117,10,0.5,8.5,0.5,71.42282407789367
16,0,0,0,0,2022-06-01,126,10,0.5,8.5,0.5,40.83977413002885
16,0,0,0,0,2022-06-13,130,10,0.5,8.5,0.5,30.830221899422323
16,0,0,0,0,2022-06-20,133,10,0.5,8.5,0.5,85.68634341743326
16,0,0,0,0,2022-06-22,134,10,0.5,8.5,0.5,29.33854419814354
16,0,0,0,0,2022-07-13,143,10,0.5,8.5,0.5,298.5041427196963
16,0,0,0,0,2022-07-20,145,10,0.5,8.5,0.5,92.62684871180682
16,0,0,0,0,2022-07-27,149,10,0.5,8.5,0.5,66.79493665688979
16,0,0,0,0,2022-08-03,152,10,0.5,8.5,0.5,57.658775172996336
16,0,0,0,0,2022-08-17,162,10,0.5,8.5,0.5,44.918205433901896
16,0,0,0,0,2022-09-01,165,10,0.5,8.5,0.5,39.76100942476572
16,0,0,0,0,2023-02-08,173,10,0.5,8.5,0.5,41.980287312049896
16,0,0,0,0,2023-02-16,177,10,0.5,8.5,0.5,26.74040502698532
16,0,0,0,0,2023-02-23,180,10,0.5,8.5,0.5,72.88218407771856
16,0,0,0,0,2023-03-09,187,10,0.5,8.5,0.5,25.414570138301283
16,0,0,0,0,2023-03-16,191,10,0.5,8.5,0.5,37.22346926754847
16,0,0,0,0,2023-03-23,195,10,0.5,8.5,0.5,30.8460353500882
16,0,0,0,0,2023-03-30,199,10,0.5,8.5,0.5,28.246840101395648
16,0,0,0,0,2023-04-06,202,10,0.5,8.5,0.5,49.143897647500935
16,0,0,0,0,2023-04-14,205,10,0.5,8.5,0.5,25.200437271245256
17,0,0,1,0,2022-02-25,75,10,1,8.5,0.5,73.12205904295186
17,0,0,1,0,2022-03-02,78,10,1,8.5,0.5,93.51880393890494
17,0,0,1,0,2022-03-10,83,10,1,8.5,0.5,57.11831464356947
17,0,0,1,0,2022-03-17,85,10,1,8.5,0.5,53.81578889868638
17,0,0,1,0,2022-03-24,90,10,1,8.5,0.5,54.65969133765963
17,0,0,1,0,2022-04-07,97,10,1,8.5,0.5,108.16089261999618
17,0,0,1,0,2022-04-13,100,10,1,8.5,0.5,107.49933829244902
17,0,0,1,0,2022-04-20,105,10,1,8.5,0.5,78.76486138589817
17,0,0,1,0,2022-04-27,109,10,1,8.5,0.5,49.83471599559305
17,0,0,1,0,2022-05-11,117,10,1,8.5,0.5,46.73372617116511
17,0,0,1,0,2022-06-01,126,10,1,8.5,0.5,76.54311268144372
17,0,0,1,0,2022-06-13,130,10,1,8.5,0.5,117.95173728651058
17,0,0,1,0,2022-06-20,133,10,1,8.5,0.5,53.00478863842841
17,0,0,1,0,2022-06-22,134,10,1,8.5,0.5,54.89140342025489
17,0,0,1,0,2022-07-13,143,10,1,8.5,0.5,0.511684442534021
17,0,0,1,0,2022-07-20,145,10,1,8.5,0.5,51.53922375956061
17,0,0,1,0,2022-07-27,149,10,1,8.5,0.5,138.56744894745583
17,0,0,1,0,2022-08-03,152,10,1,8.5,0.5,92.31266893187043
17,0,0,1,0,2022-08-17,162,10,1,8.5,0.5,44.566230802452
17,0,0,1,0,2022-09-01,165,10,1,8.5,0.5,29.95073538324569
17,0,0,1,0,2023-02-08,173,10,1,8.5,0.5,38.235570309497
17,0,0,1,0,2023-02-16,177,10,1,8.5,0.5,19.36710838316951
17,0,0,1,0,2023-02-23,180,10,1,8.5,0.5,52.56721831283326
17,0,0,1,0,2023-03-09,187,10,1,8.5,0.5,23.63592105856115
17,0,0,1,0,2023-03-16,191,10,1,8.5,0.5,20.109946694942
17,0,0,1,0,2023-03-23,195,10,1,8.5,0.5,33.717243510329766
17,0,0,1,0,2023-03-30,199,10,1,8.5,0.5,24.01391300047561
17,0,0,1,0,2023-04-06,202,10,1,8.5,0.5,62.74052203233839
17,0,0,1,0,2023-04-14,205,10,1,8.5,0.5,26.96136136043235
18,-1,1,-1,-1,2022-02-25,75,0,0,9.5,0,154.3074105440853
18,-1,1,-1,-1,2022-03-02,78,0,0,9.5,0,30.516673251565745
18,-1,1,-1,-1,2022-03-10,83,0,0,9.5,0,15.79572104275041
18,-1,1,-1,-1,2022-03-17,85,0,0,9.5,0,26.783322430795337
18,-1,1,-1,-1,2022-03-24,90,0,0,9.5,0,25.01450218170861
18,-1,1,-1,-1,2022-04-07,97,0,0,9.5,0,23.20099039887471
18,-1,1,-1,-1,2022-04-13,100,0,0,9.5,0,45.03028123956591
18,-1,1,-1,-1,2022-04-20,105,0,0,9.5,0,19.4738848368181
18,-1,1,-1,-1,2022-04-27,109,0,0,9.5,0,19.290391259269924
18,-1,1,-1,-1,2022-05-11,117,0,0,9.5,0,20.96051568506745
18,-1,1,-1,-1,2022-06-01,126,0,0,9.5,0,44.51507841472736
18,-1,1,-1,-1,2022-06-13,130,0,0,9.5,0,19.071324124312305
18,-1,1,-1,-1,2022-06-20,133,0,0,9.5,0,13.973718349307966
18,-1,1,-1,-1,2022-06-22,134,0,0,9.5,0,16.39932424794808
18,-1,1,-1,-1,2022-07-13,143,0,0,9.5,0,33.90401020312989
18,-1,1,-1,-1,2022-07-20,145,0,0,9.5,0,51.78296084041091
18,-1,1,-1,-1,2022-07-27,149,0,0,9.5,0,42.71213017328174
18,-1,1,-1,-1,2022-08-03,152,0,0,9.5,0,20.57660153118699
18,-1,1,-1,-1,2022-08-17,162,0,0,9.5,0,33.00850621148519
18,-1,1,-1,-1,2022-09-01,165,0,0,9.5,0,18.31279469768896
18,-1,1,-1,-1,2023-02-08,173,0,0,9.5,0,16.743818978488907
18,-1,1,-1,-1,2023-02-16,177,0,0,9.5,0,10.677146530849848
18,-1,1,-1,-1,2023-02-23,180,0,0,9.5,0,10.94926713642178
18,-1,1,-1,-1,2023-03-09,187,0,0,9.5,0,12.191125054677917
18,-1,1,-1,-1,2023-03-16,191,0,0,9.5,0,8.80948447160105
18,-1,1,-1,-1,2023-03-23,195,0,0,9.5,0,20.13771262846744
18,-1,1,-1,-1,2023-03-30,199,0,0,9.5,0,17.09613181252981
18,-1,1,-1,-1,2023-04-06,202,0,0,9.5,0,14.431401895819612
18,-1,1,-1,-1,2023-04-14,205,0,0,9.5,0,13.773739745235796
19,1,1,-1,-1,2022-02-25,75,20,0,9.5,0,121.253004277802
19,1,1,-1,-1,2022-03-02,78,20,0,9.5,0,38.4533819347507
19,1,1,-1,-1,2022-03-10,83,20,0,9.5,0,31.85848984766052
19,1,1,-1,-1,2022-03-17,85,20,0,9.5,0,32.160874950003056
19,1,1,-1,-1,2022-03-24,90,20,0,9.5,0,28.70111475789638
19,1,1,-1,-1,2022-04-07,97,20,0,9.5,0,121.53648958824522
19,1,1,-1,-1,2022-04-13,100,20,0,9.5,0,51.79157374290136
19,1,1,-1,-1,2022-04-20,105,20,0,9.5,0,46.32966018366096
19,1,1,-1,-1,2022-04-27,109,20,0,9.5,0,53.842560419291175
19,1,1,-1,-1,2022-05-11,117,20,0,9.5,0,70.87593512165711
19,1,1,-1,-1,2022-06-01,126,20,0,9.5,0,45.568983363015846
19,1,1,-1,-1,2022-06-13,130,20,0,9.5,0,63.12549900874446
19,1,1,-1,-1,2022-06-20,133,20,0,9.5,0,42.29329535520815
19,1,1,-1,-1,2022-06-22,134,20,0,9.5,0,56.79769575990965
19,1,1,-1,-1,2022-07-13,143,20,0,9.5,0,31.519149774392826
19,1,1,-1,-1,2022-07-20,145,20,0,9.5,0,35.482404375575996
19,1,1,-1,-1,2022-07-27,149,20,0,9.5,0,30.71775450440431
19,1,1,-1,-1,2022-08-03,152,20,0,9.5,0,48.41045029581712
19,1,1,-1,-1,2022-08-17,162,20,0,9.5,0,38.70076212587558
19,1,1,-1,-1,2022-09-01,165,20,0,9.5,0,22.720364939741568
19,1,1,-1,-1,2023-02-08,173,20,0,9.5,0,22.13406606545752
19,1,1,-1,-1,2023-02-16,177,20,0,9.5,0,24.252489875165683
19,1,1,-1,-1,2023-02-23,180,20,0,9.5,0,39.9515617553426
19,1,1,-1,-1,2023-03-09,187,20,0,9.5,0,20.90982441775624
19,1,1,-1,-1,2023-03-16,191,20,0,9.5,0,13.877816806501931
19,1,1,-1,-1,2023-03-23,195,20,0,9.5,0,24.431986499649337
19,1,1,-1,-1,2023-03-30,199,20,0,9.5,0,25.328683298171697
19,1,1,-1,-1,2023-04-06,202,20,0,9.5,0,16.334472076167753
19,1,1,-1,-1,2023-04-14,205,20,0,9.5,0,26.841879783500943
20,-1,1,-1,1,2022-02-25,75,0,0,9.5,1,77.84930807432262
20,-1,1,-1,1,2022-03-02,78,0,0,9.5,1,35.37555458860583
20,-1,1,-1,1,2022-03-10,83,0,0,9.5,1,14.56155763731177
20,-1,1,-1,1,2022-03-17,85,0,0,9.5,1,13.721341366806568
20,-1,1,-1,1,2022-03-24,90,0,0,9.5,1,30.04784286461415
20,-1,1,-1,1,2022-04-07,97,0,0,9.5,1,29.49041543091267
20,-1,1,-1,1,2022-04-13,100,0,0,9.5,1,19.9070244692876
20,-1,1,-1,1,2022-04-20,105,0,0,9.5,1,20.44187628080868
20,-1,1,-1,1,2022-04-27,109,0,0,9.5,1,15.067144785116698
20,-1,1,-1,1,2022-05-11,117,0,0,9.5,1,16.998602869718823
20,-1,1,-1,1,2022-06-01,126,0,0,9.5,1,25.603272258395872
20,-1,1,-1,1,2022-06-13,130,0,0,9.5,1,31.13496258463937
20,-1,1,-1,1,2022-06-20,133,0,0,9.5,1,93.01370082936069
20,-1,1,-1,1,2022-06-22,134,0,0,9.5,1,15.173885739356274
20,-1,1,-1,1,2022-07-13,143,0,0,9.5,1,7.818800048862267
20,-1,1,-1,1,2022-07-20,145,0,0,9.5,1,13.740895496024038
20,-1,1,-1,1,2022-07-27,149,0,0,9.5,1,11.973800057556517
20,-1,1,-1,1,2022-08-03,152,0,0,9.5,1,15.711644982356582
20,-1,1,-1,1,2022-08-17,162,0,0,9.5,1,42.2262551823616
20,-1,1,-1,1,2022-09-01,165,0,0,9.5,1,13.381710787128084
20,-1,1,-1,1,2023-02-08,173,0,0,9.5,1,17.618867049297414
20,-1,1,-1,1,2023-02-16,177,0,0,9.5,1,13.958447418065813
20,-1,1,-1,1,2023-02-23,180,0,0,9.5,1,13.467213860269666
20,-1,1,-1,1,2023-03-09,187,0,0,9.5,1,19.10414500340625
20,-1,1,-1,1,2023-03-16,191,0,0,9.5,1,12.499629997554152
20,-1,1,-1,1,2023-03-23,195,0,0,9.5,1,18.903187515875523
20,-1,1,-1,1,2023-03-30,199,0,0,9.5,1,28.23543059165409
20,-1,1,-1,1,2023-04-06,202,0,0,9.5,1,24.665828846439013
20,-1,1,-1,1,2023-04-14,205,0,0,9.5,1,23.866099047733265
21,1,1,-1,1,2022-02-25,75,20,0,9.5,1,61.37369050763602
21,1,1,-1,1,2022-03-02,78,20,0,9.5,1,231.3655929632404
21,1,1,-1,1,2022-03-10,83,20,0,9.5,1,53.6987029117044
21,1,1,-1,1,2022-03-17,85,20,0,9.5,1,37.42613750994407
21,1,1,-1,1,2022-03-24,90,20,0,9.5,1,34.916056336145495
21,1,1,-1,1,2022-04-07,97,20,0,9.5,1,71.66021235933827
21,1,1,-1,1,2022-04-13,100,20,0,9.5,1,51.90073103805416
21,1,1,-1,1,2022-04-20,105,20,0,9.5,1,51.33855714451994
21,1,1,-1,1,2022-04-27,109,20,0,9.5,1,53.01234850455318
21,1,1,-1,1,2022-05-11,117,20,0,9.5,1,113.5400798831005
21,1,1,-1,1,2022-06-01,126,20,0,9.5,1,39.75914348388076
21,1,1,-1,1,2022-06-13,130,20,0,9.5,1,89.09296530017491
21,1,1,-1,1,2022-06-20,133,20,0,9.5,1,76.35266820220022
21,1,1,-1,1,2022-06-22,134,20,0,9.5,1,37.973444716421184
21,1,1,-1,1,2022-07-13,143,20,0,9.5,1,31.40811978629764
21,1,1,-1,1,2022-07-20,145,20,0,9.5,1,25.95349548175318
21,1,1,-1,1,2022-07-27,149,20,0,9.5,1,43.0604558792386
21,1,1,-1,1,2022-08-03,152,20,0,9.5,1,50.677075326486055
21,1,1,-1,1,2022-08-17,162,20,0,9.5,1,56.9640749515129
21,1,1,-1,1,2022-09-01,165,20,0,9.5,1,68.22724932524301
21,1,1,-1,1,2023-02-08,173,20,0,9.5,1,47.85955855143845
21,1,1,-1,1,2023-02-16,177,20,0,9.5,1,28.41458221935428
21,1,1,-1,1,2023-02-23,180,20,0,9.5,1,73.90423403739953
21,1,1,-1,1,2023-03-09,187,20,0,9.5,1,24.498622885781504
21,1,1,-1,1,2023-03-16,191,20,0,9.5,1,14.921684340963944
21,1,1,-1,1,2023-03-23,195,20,0,9.5,1,33.83364619713015
21,1,1,-1,1,2023-03-30,199,20,0,9.5,1,28.27720228172015
21,1,1,-1,1,2023-04-06,202,20,0,9.5,1,39.145591177211934
21,1,1,-1,1,2023-04-14,205,20,0,9.5,1,31.54071971540329
22,0,1,0,0,2022-02-25,75,10,0.5,9.5,0.5,264.6183036705103
22,0,1,0,0,2022-03-02,78,10,0.5,9.5,0.5,54.85823124561017
22,0,1,0,0,2022-03-10,83,10,0.5,9.5,0.5,51.21707777906351
22,0,1,0,0,2022-03-17,85,10,0.5,9.5,0.5,87.4132491411801
22,0,1,0,0,2022-03-24,90,10,0.5,9.5,0.5,58.579290497884536
22,0,1,0,0,2022-04-07,97,10,0.5,9.5,0.5,400.69262745246976
22,0,1,0,0,2022-04-13,100,10,0.5,9.5,0.5,128.12038216921584
22,0,1,0,0,2022-04-20,105,10,0.5,9.5,0.5,122.15449852359816
22,0,1,0,0,2022-04-27,109,10,0.5,9.5,0.5,229.27516757067303
22,0,1,0,0,2022-05-11,117,10,0.5,9.5,0.5,387.8056511525381
22,0,1,0,0,2022-06-01,126,10,0.5,9.5,0.5,81.55420983904288
22,0,1,0,0,2022-06-13,130,10,0.5,9.5,0.5,78.04722664959517
22,0,1,0,0,2022-06-20,133,10,0.5,9.5,0.5,121.1555844737969
22,0,1,0,0,2022-06-22,134,10,0.5,9.5,0.5,47.937344662424906
22,0,1,0,0,2022-07-13,143,10,0.5,9.5,0.5,46.12563224229563
22,0,1,0,0,2022-07-20,145,10,0.5,9.5,0.5,37.13653889547963
22,0,1,0,0,2022-07-27,149,10,0.5,9.5,0.5,44.05732653975
22,0,1,0,0,2022-08-03,152,10,0.5,9.5,0.5,76.57590974490493
22,0,1,0,0,2022-08-17,162,10,0.5,9.5,0.5,46.43277725322201
22,0,1,0,0,2022-09-01,165,10,0.5,9.5,0.5,81.26480051414765
22,0,1,0,0,2023-02-08,173,10,0.5,9.5,0.5,40.32661198533282
22,0,1,0,0,2023-02-16,177,10,0.5,9.5,0.5,27.89944281032285
22,0,1,0,0,2023-02-23,180,10,0.5,9.5,0.5,55.09511112131238
22,0,1,0,0,2023-03-09,187,10,0.5,9.5,0.5,19.209564817351904
22,0,1,0,0,2023-03-16,191,10,0.5,9.5,0.5,14.341063333068771
22,0,1,0,0,2023-03-23,195,10,0.5,9.5,0.5,31.4659696254936
22,0,1,0,0,2023-03-30,199,10,0.5,9.5,0.5,29.992355911635112
22,0,1,0,0,2023-04-06,202,10,0.5,9.5,0.5,91.26988241580864
22,0,1,0,0,2023-04-14,205,10,0.5,9.5,0.5,32.96375389472634
23,-1,1,1,-1,2022-02-25,75,0,1,9.5,0,183.42175921251447
23,-1,1,1,-1,2022-03-02,78,0,1,9.5,0,25.841233341029767
23,-1,1,1,-1,2022-03-10,83,0,1,9.5,0,27.63230311304813
23,-1,1,1,-1,2022-03-17,85,0,1,9.5,0,125.3943078859818
23,-1,1,1,-1,2022-03-24,90,0,1,9.5,0,33.032888681026094
23,-1,1,1,-1,2022-04-07,97,0,1,9.5,0,54.07781518304933
23,-1,1,1,-1,2022-04-13,100,0,1,9.5,0,119.3603485688939
23,-1,1,1,-1,2022-04-20,105,0,1,9.5,0,172.39531209421898
23,-1,1,1,-1,2022-04-27,109,0,1,9.5,0,150.1798466683152
23,-1,1,1,-1,2022-05-11,117,0,1,9.5,0,65.49498036300193
23,-1,1,1,-1,2022-06-01,126,0,1,9.5,0,52.33835809250537
23,-1,1,1,-1,2022-06-13,130,0,1,9.5,0,65.71284839496961
23,-1,1,1,-1,2022-06-20,133,0,1,9.5,0,65.30579512828956
23,-1,1,1,-1,2022-06-22,134,0,1,9.5,0,31.947979301144304
23,-1,1,1,-1,2022-07-13,143,0,1,9.5,0,25.790373117165174
23,-1,1,1,-1,2022-07-20,145,0,1,9.5,0,41.36280776341832
23,-1,1,1,-1,2022-07-27,149,0,1,9.5,0,38.998430761435536
23,-1,1,1,-1,2022-08-03,152,0,1,9.5,0,65.26007450368698
23,-1,1,1,-1,2022-08-17,162,0,1,9.5,0,38.01042187102852
23,-1,1,1,-1,2022-09-01,165,0,1,9.5,0,57.53540782657274
23,-1,1,1,-1,2023-02-08,173,0,1,9.5,0,33.768755703956174
23,-1,1,1,-1,2023-02-16,177,0,1,9.5,0,9.231192382258897
23,-1,1,1,-1,2023-02-23,180,0,1,9.5,0,36.94683265554818
23,-1,1,1,-1,2023-03-09,187,0,1,9.5,0,16.412852601270473
23,-1,1,1,-1,2023-03-16,191,0,1,9.5,0,7.0056125516598176
23,-1,1,1,-1,2023-03-23,195,0,1,9.5,0,14.455076464615232
23,-1,1,1,-1,2023-03-30,199,0,1,9.5,0,28.833283698478652
23,-1,1,1,-1,2023-04-06,202,0,1,9.5,0,56.67227339541401
23,-1,1,1,-1,2023-04-14,205,0,1,9.5,0,19.72041567278288
24,1,1,1,-1,2022-02-25,75,20,1,9.5,0,142.3456644780903
24,1,1,1,-1,2022-03-02,78,20,1,9.5,0,38.348433415557245
24,1,1,1,-1,2022-03-10,83,20,1,9.5,0,37.04845031620733
24,1,1,1,-1,2022-03-17,85,20,1,9.5,0,2316.8284761831724
24,1,1,1,-1,2022-03-24,90,20,1,9.5,0,115.84379811479522
24,1,1,1,-1,2022-04-07,97,20,1,9.5,0,143.72404986910317
24,1,1,1,-1,2022-04-13,100,20,1,9.5,0,168.45922527109394
24,1,1,1,-1,2022-04-20,105,20,1,9.5,0,90.84338552283856
24,1,1,1,-1,2022-04-27,109,20,1,9.5,0,92.77670364161813
24,1,1,1,-1,2022-05-11,117,20,1,9.5,0,75.01148866199411
24,1,1,1,-1,2022-06-01,126,20,1,9.5,0,63.25792569721748
24,1,1,1,-1,2022-06-13,130,20,1,9.5,0,161.78450022537268
24,1,1,1,-1,2022-06-20,133,20,1,9.5,0,56.87997337107236
24,1,1,1,-1,2022-06-22,134,20,1,9.5,0,37.286585786127766
24,1,1,1,-1,2022-07-13,143,20,1,9.5,0,34.010732543488714
24,1,1,1,-1,2022-07-20,145,20,1,9.5,0,418.2580998203452
24,1,1,1,-1,2022-07-27,149,20,1,9.5,0,40.0395846680018
24,1,1,1,-1,2022-08-03,152,20,1,9.5,0,46.96498373513949
24,1,1,1,-1,2022-08-17,162,20,1,9.5,0,42.75549768823174
24,1,1,1,-1,2022-09-01,165,20,1,9.5,0,93.81845015209952
24,1,1,1,-1,2023-02-08,173,20,1,9.5,0,46.539455664324365
24,1,1,1,-1,2023-02-16,177,20,1,9.5,0,19.48819613110204
24,1,1,1,-1,2023-02-23,180,20,1,9.5,0,72.87436526206977
24,1,1,1,-1,2023-03-09,187,20,1,9.5,0,22.910987428531097
24,1,1,1,-1,2023-03-16,191,20,1,9.5,0,18.395314421163732
24,1,1,1,-1,2023-03-23,195,20,1,9.5,0,32.81221974532414
24,1,1,1,-1,2023-03-30,199,20,1,9.5,0,25.3462420710884
24,1,1,1,-1,2023-04-06,202,20,1,9.5,0,73.72485032943142
24,1,1,1,-1,2023-04-14,205,20,1,9.5,0,33.33257774089202
25,-1,1,1,1,2022-02-25,75,0,1,9.5,1,243.12481426776745
25,-1,1,1,1,2022-03-02,78,0,1,9.5,1,49.157298631271296
25,-1,1,1,1,2022-03-10,83,0,1,9.5,1,54.113584189150366
25,-1,1,1,1,2022-03-17,85,0,1,9.5,1,60.891417670335485
25,-1,1,1,1,2022-03-24,90,0,1,9.5,1,45.720009557099004
25,-1,1,1,1,2022-04-13,100,0,1,9.5,1,137.93957936694875
25,-1,1,1,1,2022-04-20,105,0,1,9.5,1,194.4796188590514
25,-1,1,1,1,2022-04-27,109,0,1,9.5,1,344.6338431184535
25,-1,1,1,1,2022-05-11,117,0,1,9.5,1,112.3470968685314
25,-1,1,1,1,2022-06-01,126,0,1,9.5,1,110.02062315763648
25,-1,1,1,1,2022-06-13,130,0,1,9.5,1,206.7251554183333
25,-1,1,1,1,2022-06-20,133,0,1,9.5,1,180.53790338435638
25,-1,1,1,1,2022-06-22,134,0,1,9.5,1,74.19848103651526
25,-1,1,1,1,2022-07-13,143,0,1,9.5,1,57.05065906149065
25,-1,1,1,1,2022-07-20,145,0,1,9.5,1,51.68006818647386
25,-1,1,1,1,2022-07-27,149,0,1,9.5,1,36.81258739672356
25,-1,1,1,1,2022-08-03,152,0,1,9.5,1,634.1205563898767
25,-1,1,1,1,2022-08-17,162,0,1,9.5,1,55.65961299620032
25,-1,1,1,1,2022-09-01,165,0,1,9.5,1,36.05152042665839
25,-1,1,1,1,2023-02-08,173,0,1,9.5,1,50.66885935951757
25,-1,1,1,1,2023-02-16,177,0,1,9.5,1,24.022240269130595
25,-1,1,1,1,2023-02-23,180,0,1,9.5,1,60.2033221115941
25,-1,1,1,1,2023-03-09,187,0,1,9.5,1,20.92907289174716
25,-1,1,1,1,2023-03-16,191,0,1,9.5,1,27.2028296605057
25,-1,1,1,1,2023-03-23,195,0,1,9.5,1,40.595857506333786
25,-1,1,1,1,2023-03-30,199,0,1,9.5,1,32.1063513392809
25,-1,1,1,1,2023-04-06,202,0,1,9.5,1,79.00115925632342
26,1,1,1,1,2022-02-25,75,20,1,9.5,1,65.05797267240705
26,1,1,1,1,2022-03-02,78,20,1,9.5,1,25.461690186506555
26,1,1,1,1,2022-03-10,83,20,1,9.5,1,28.0529264426072
26,1,1,1,1,2022-03-17,85,20,1,9.5,1,106.59730994370426
26,1,1,1,1,2022-03-24,90,20,1,9.5,1,50.17186352530048
26,1,1,1,1,2022-04-13,100,20,1,9.5,1,85.4259946652781
26,1,1,1,1,2022-04-20,105,20,1,9.5,1,75.697208718927
26,1,1,1,1,2022-04-27,109,20,1,9.5,1,68.9557630900448
26,1,1,1,1,2022-05-11,117,20,1,9.5,1,156.71494993959047
26,1,1,1,1,2022-06-01,126,20,1,9.5,1,46.154938796751885
26,1,1,1,1,2022-06-13,130,20,1,9.5,1,59.5063284250801
26,1,1,1,1,2022-06-20,133,20,1,9.5,1,86.50043701047534
26,1,1,1,1,2022-06-22,134,20,1,9.5,1,55.2858152723996
26,1,1,1,1,2022-07-13,143,20,1,9.5,1,33.57861056052952
26,1,1,1,1,2022-07-20,145,20,1,9.5,1,230.51118297836734
26,1,1,1,1,2022-07-27,149,20,1,9.5,1,53.25023039254339
26,1,1,1,1,2022-08-03,152,20,1,9.5,1,38.3903198950328
26,1,1,1,1,2022-08-17,162,20,1,9.5,1,48.15699917807108
26,1,1,1,1,2022-09-01,165,20,1,9.5,1,44.168673332894166
26,1,1,1,1,2023-02-08,173,20,1,9.5,1,21.05442703741636
26,1,1,1,1,2023-02-16,177,20,1,9.5,1,7.22436562428616
26,1,1,1,1,2023-02-23,180,20,1,9.5,1,16.544880649898914
26,1,1,1,1,2023-03-09,187,20,1,9.5,1,7.790369757917139
26,1,1,1,1,2023-03-16,191,20,1,9.5,1,3.767005096927794
26,1,1,1,1,2023-03-23,195,20,1,9.5,1,19.179523406758545
26,1,1,1,1,2023-03-30,199,20,1,9.5,1,10.051264074041947
26,1,1,1,1,2023-04-06,202,20,1,9.5,1,10.87539171509772
26,1,1,1,1,2023-04-14,205,20,1,9.5,1,8.296348644286878
27,-1,-1,-1,-1,2022-02-25,75,0,0,7.5,0,203.29261786279991
27,-1,-1,-1,-1,2022-03-02,78,0,0,7.5,0,33.63890570134611
27,-1,-1,-1,-1,2022-03-17,85,0,0,7.5,0,19.96659923291493
27,-1,-1,-1,-1,2022-03-24,90,0,0,7.5,0,52.55241900574417
27,-1,-1,-1,-1,2022-04-07,97,0,0,7.5,0,21.355597237825663
27,-1,-1,-1,-1,2022-04-13,100,0,0,7.5,0,22.5091537519707
27,-1,-1,-1,-1,2022-04-20,105,0,0,7.5,0,22.1257905608051
27,-1,-1,-1,-1,2022-04-27,109,0,0,7.5,0,19.65764415563467
27,-1,-1,-1,-1,2022-05-11,117,0,0,7.5,0,37.11884592879828
27,-1,-1,-1,-1,2022-05-25,123,0,0,7.5,0,255.45823591240568
27,-1,-1,-1,-1,2022-06-01,126,0,0,7.5,0,50.11163726726316
27,-1,-1,-1,-1,2022-06-13,130,0,0,7.5,0,415.33210983210074
27,-1,-1,-1,-1,2022-06-20,133,0,0,7.5,0,123.93323787365024
27,-1,-1,-1,-1,2022-06-29,138,0,0,7.5,0,3.1633100022916776
27,-1,-1,-1,-1,2022-07-13,143,0,0,7.5,0,43.17854110788808
27,-1,-1,-1,-1,2022-07-20,145,0,0,7.5,0,91.34026966371769
27,-1,-1,-1,-1,2022-07-27,149,0,0,7.5,0,46.22855108519319
27,-1,-1,-1,-1,2022-08-03,152,0,0,7.5,0,45.653637394045866
27,-1,-1,-1,-1,2022-08-17,162,0,0,7.5,0,64.51713320606687
27,-1,-1,-1,-1,2022-09-01,165,0,0,7.5,0,29.057938261627577
27,-1,-1,-1,-1,2023-02-08,173,0,0,7.5,0,21.92343221006347
27,-1,-1,-1,-1,2023-02-14,176,0,0,7.5,0,13.21260948562774
27,-1,-1,-1,-1,2023-02-28,183,0,0,7.5,0,14.584169273148794
27,-1,-1,-1,-1,2023-03-07,186,0,0,7.5,0,11.009773724621674
27,-1,-1,-1,-1,2023-03-14,190,0,0,7.5,0,7.7858705700416335
27,-1,-1,-1,-1,2023-03-21,194,0,0,7.5,0,9.524773482600862
27,-1,-1,-1,-1,2023-03-28,198,0,0,7.5,0,14.693745907278288
27,-1,-1,-1,-1,2023-04-06,202,0,0,7.5,0,13.560177304689496
27,-1,-1,-1,-1,2023-04-14,205,0,0,7.5,0,14.354702423548746
28,1,-1,-1,-1,2022-02-25,75,20,0,7.5,0,34.70047706887595
28,1,-1,-1,-1,2022-03-02,78,20,0,7.5,0,15.11881212140572
28,1,-1,-1,-1,2022-03-10,83,20,0,7.5,0,36.60425050289966
28,1,-1,-1,-1,2022-03-17,85,20,0,7.5,0,25.384267191396862
28,1,-1,-1,-1,2022-03-24,90,20,0,7.5,0,26.28833291524429
28,1,-1,-1,-1,2022-04-07,97,20,0,7.5,0,44.441202282543166
28,1,-1,-1,-1,2022-04-13,100,20,0,7.5,0,118.8828181326122
28,1,-1,-1,-1,2022-04-20,105,20,0,7.5,0,108.59099462265432
28,1,-1,-1,-1,2022-04-27,109,20,0,7.5,0,86.05664091655758
28,1,-1,-1,-1,2022-05-11,117,20,0,7.5,0,61.33026862682287
28,1,-1,-1,-1,2022-05-25,123,20,0,7.5,0,42.602579276541455
28,1,-1,-1,-1,2022-06-01,126,20,0,7.5,0,38.76558657931193
28,1,-1,-1,-1,2022-06-13,130,20,0,7.5,0,32.63332880428946
28,1,-1,-1,-1,2022-06-20,133,20,0,7.5,0,30.66950825364534
28,1,-1,-1,-1,2022-06-29,138,20,0,7.5,0,3.0643718305613854
28,1,-1,-1,-1,2022-07-13,143,20,0,7.5,0,97.74081628415446
28,1,-1,-1,-1,2022-07-20,145,20,0,7.5,0,33.19681462849732
28,1,-1,-1,-1,2022-07-27,149,20,0,7.5,0,74.88395049345365
28,1,-1,-1,-1,2022-08-03,152,20,0,7.5,0,95.068776121315
28,1,-1,-1,-1,2022-08-17,162,20,0,7.5,0,44.25913528064496
28,1,-1,-1,-1,2022-09-01,165,20,0,7.5,0,26.672857823389865
28,1,-1,-1,-1,2023-02-08,173,20,0,7.5,0,20.689225122717783
28,1,-1,-1,-1,2023-02-14,176,20,0,7.5,0,19.862052507252248
28,1,-1,-1,-1,2023-02-28,183,20,0,7.5,0,13.857778454138908
28,1,-1,-1,-1,2023-03-07,186,20,0,7.5,0,20.11719530782685
28,1,-1,-1,-1,2023-03-14,190,20,0,7.5,0,11.159798895858719
28,1,-1,-1,-1,2023-03-21,194,20,0,7.5,0,11.071679847914938
28,1,-1,-1,-1,2023-03-28,198,20,0,7.5,0,22.207605600618134
28,1,-1,-1,-1,2023-04-06,202,20,0,7.5,0,31.33986621226044
28,1,-1,-1,-1,2023-04-14,205,20,0,7.5,0,25.91600392699716
29,-1,-1,-1,1,2022-02-25,75,0,0,7.5,1,96.36208980264786
29,-1,-1,-1,1,2022-03-02,78,0,0,7.5,1,37.69451567092782
29,-1,-1,-1,1,2022-03-17,85,0,0,7.5,1,47.69762245600408
29,-1,-1,-1,1,2022-03-24,90,0,0,7.5,1,38.293227351142406
29,-1,-1,-1,1,2022-04-07,97,0,0,7.5,1,52.04649860812863
29,-1,-1,-1,1,2022-04-13,100,0,0,7.5,1,63.719232651049744
29,-1,-1,-1,1,2022-04-20,105,0,0,7.5,1,56.26629817379106
29,-1,-1,-1,1,2022-04-27,109,0,0,7.5,1,60.60385585352642
29,-1,-1,-1,1,2022-05-11,117,0,0,7.5,1,55.802133323937085
29,-1,-1,-1,1,2022-05-25,123,0,0,7.5,1,54.795421455442565
29,-1,-1,-1,1,2022-06-01,126,0,0,7.5,1,129.82672131761473
29,-1,-1,-1,1,2022-06-13,130,0,0,7.5,1,90.21744520116786
29,-1,-1,-1,1,2022-06-20,133,0,0,7.5,1,181.26198489344745
29,-1,-1,-1,1,2022-06-29,138,0,0,7.5,1,11.078922529678412
29,-1,-1,-1,1,2022-07-13,143,0,0,7.5,1,77.26160250142402
29,-1,-1,-1,1,2022-07-20,145,0,0,7.5,1,102.47462526158333
29,-1,-1,-1,1,2022-07-27,149,0,0,7.5,1,102.61009771020088
29,-1,-1,-1,1,2022-08-03,152,0,0,7.5,1,260.2120799979384
29,-1,-1,-1,1,2022-08-17,162,0,0,7.5,1,69.16853248324932
29,-1,-1,-1,1,2022-09-01,165,0,0,7.5,1,126.79664557460656
29,-1,-1,-1,1,2023-02-08,173,0,0,7.5,1,63.156023459253376
29,-1,-1,-1,1,2023-02-14,176,0,0,7.5,1,60.0470813797744
29,-1,-1,-1,1,2023-02-28,183,0,0,7.5,1,45.19232645730995
29,-1,-1,-1,1,2023-03-07,186,0,0,7.5,1,56.18105761395712
29,-1,-1,-1,1,2023-03-14,190,0,0,7.5,1,36.61686221071879
29,-1,-1,-1,1,2023-03-21,194,0,0,7.5,1,46.8159200040221
29,-1,-1,-1,1,2023-03-28,198,0,0,7.5,1,56.154584441615086
29,-1,-1,-1,1,2023-04-06,202,0,0,7.5,1,56.60000508964525
29,-1,-1,-1,1,2023-04-14,205,0,0,7.5,1,53.82053145090982
30,1,-1,-1,1,2022-02-25,75,20,0,7.5,1,86.26209697099597
30,1,-1,-1,1,2022-03-02,78,20,0,7.5,1,45.34752920744278
30,1,-1,-1,1,2022-03-10,83,20,0,7.5,1,45.14581034921892
30,1,-1,-1,1,2022-03-17,85,20,0,7.5,1,45.58963599082941
30,1,-1,-1,1,2022-03-24,90,20,0,7.5,1,28.340431696305124
30,1,-1,-1,1,2022-04-07,97,20,0,7.5,1,102.73092235800912
30,1,-1,-1,1,2022-04-13,100,20,0,7.5,1,174.69377436984269
30,1,-1,-1,1,2022-04-20,105,20,0,7.5,1,170.1454002314934
30,1,-1,-1,1,2022-04-27,109,20,0,7.5,1,104.19927796746316
30,1,-1,-1,1,2022-05-11,117,20,0,7.5,1,505.71618390564754
30,1,-1,-1,1,2022-05-25,123,20,0,7.5,1,158.89207253417595
30,1,-1,-1,1,2022-06-01,126,20,0,7.5,1,51.29519867219468
30,1,-1,-1,1,2022-06-13,130,20,0,7.5,1,73.64342243828736
30,1,-1,-1,1,2022-06-20,133,20,0,7.5,1,65.39786092159355
30,1,-1,-1,1,2022-06-29,138,20,0,7.5,1,3.5009995414838486
30,1,-1,-1,1,2022-07-13,143,20,0,7.5,1,133.70259987921935
30,1,-1,-1,1,2022-07-20,145,20,0,7.5,1,93.85118091165864
30,1,-1,-1,1,2022-07-27,149,20,0,7.5,1,68.54733264879755
30,1,-1,-1,1,2022-08-03,152,20,0,7.5,1,89.5545239451238
30,1,-1,-1,1,2022-08-17,162,20,0,7.5,1,60.289886778520255
30,1,-1,-1,1,2022-09-01,165,20,0,7.5,1,54.778018530303136
30,1,-1,-1,1,2023-02-08,173,20,0,7.5,1,121.25695631845808
30,1,-1,-1,1,2023-02-14,176,20,0,7.5,1,39.92837658789372
30,1,-1,-1,1,2023-02-28,183,20,0,7.5,1,35.38814630400351
30,1,-1,-1,1,2023-03-07,186,20,0,7.5,1,40.24328957324664
30,1,-1,-1,1,2023-03-14,190,20,0,7.5,1,32.05052594052183
30,1,-1,-1,1,2023-03-21,194,20,0,7.5,1,36.10575778857803
30,1,-1,-1,1,2023-03-28,198,20,0,7.5,1,36.3622594427589
30,1,-1,-1,1,2023-04-06,202,20,0,7.5,1,81.13353871189905
30,1,-1,-1,1,2023-04-14,205,20,0,7.5,1,48.01605402969963
31,0,-1,0,0,2022-02-25,75,10,0.5,7.5,0.5,133.9219410351159
31,0,-1,0,0,2022-03-02,78,10,0.5,7.5,0.5,45.75816360951404
31,0,-1,0,0,2022-03-10,83,10,0.5,7.5,0.5,35.597128048721
31,0,-1,0,0,2022-03-17,85,10,0.5,7.5,0.5,82.48924028722621
31,0,-1,0,0,2022-03-24,90,10,0.5,7.5,0.5,51.27480987279037
31,0,-1,0,0,2022-04-07,97,10,0.5,7.5,0.5,93.9501939585499
31,0,-1,0,0,2022-04-13,100,10,0.5,7.5,0.5,148.63268578240115
31,0,-1,0,0,2022-04-20,105,10,0.5,7.5,0.5,57.89445401092793
31,0,-1,0,0,2022-04-27,109,10,0.5,7.5,0.5,60.547692734836254
31,0,-1,0,0,2022-05-11,117,10,0.5,7.5,0.5,58.086641528863325
31,0,-1,0,0,2022-05-25,123,10,0.5,7.5,0.5,64.73455171116922
31,0,-1,0,0,2022-06-01,126,10,0.5,7.5,0.5,66.49960121004757
31,0,-1,0,0,2022-06-13,130,10,0.5,7.5,0.5,38.93429859964739
31,0,-1,0,0,2022-06-20,133,10,0.5,7.5,0.5,69.57224049011688
31,0,-1,0,0,2022-06-29,138,10,0.5,7.5,0.5,13.76439602076266
31,0,-1,0,0,2022-07-13,143,10,0.5,7.5,0.5,158.5559578615453
31,0,-1,0,0,2022-07-20,145,10,0.5,7.5,0.5,320.51580531056834
31,0,-1,0,0,2022-07-27,149,10,0.5,7.5,0.5,179.72012157213285
31,0,-1,0,0,2022-08-03,152,10,0.5,7.5,0.5,202.47675934344548
31,0,-1,0,0,2022-08-17,162,10,0.5,7.5,0.5,59.52555433183124
31,0,-1,0,0,2022-09-01,165,10,0.5,7.5,0.5,82.491950998611415
31,0,-1,0,0,2023-02-08,173,10,0.5,7.5,0.5,39.68060752588071
31,0,-1,0,0,2023-02-14,176,10,0.5,7.5,0.5,27.969061588496253
31,0,-1,0,0,2023-02-28,183,10,0.5,7.5,0.5,30.113079391887894
31,0,-1,0,0,2023-03-07,186,10,0.5,7.5,0.5,20.837416352901123
31,0,-1,0,0,2023-03-14,190,10,0.5,7.5,0.5,18.540330835916222
31,0,-1,0,0,2023-03-21,194,10,0.5,7.5,0.5,28.3730726638463
31,0,-1,0,0,2023-03-28,198,10,0.5,7.5,0.5,23.63145695459673
31,0,-1,0,0,2023-04-06,202,10,0.5,7.5,0.5,80.91289879246835
31,0,-1,0,0,2023-04-14,205,10,0.5,7.5,0.5,37.65526701926754
32,-1,-1,1,-1,2022-02-25,75,0,1,7.5,0,673.51638243608
32,-1,-1,1,-1,2022-03-02,78,0,1,7.5,0,204.67570084975665
32,-1,-1,1,-1,2022-03-10,83,0,1,7.5,0,34.915011463854334
32,-1,-1,1,-1,2022-03-17,85,0,1,7.5,0,109.66025032813704
32,-1,-1,1,-1,2022-03-24,90,0,1,7.5,0,59.705589230735356
32,-1,-1,1,-1,2022-04-07,97,0,1,7.5,0,257.1987797437114
32,-1,-1,1,-1,2022-04-13,100,0,1,7.5,0,235.7821690784155
32,-1,-1,1,-1,2022-04-20,105,0,1,7.5,0,173.11159465013003
32,-1,-1,1,-1,2022-04-27,109,0,1,7.5,0,197.53701846161232
32,-1,-1,1,-1,2022-05-11,117,0,1,7.5,0,104.79128838624474
32,-1,-1,1,-1,2022-05-25,123,0,1,7.5,0,184.0131372777306
32,-1,-1,1,-1,2022-06-01,126,0,1,7.5,0,229.50609698256585
32,-1,-1,1,-1,2022-06-13,130,0,1,7.5,0,223.18855188793154
32,-1,-1,1,-1,2022-06-20,133,0,1,7.5,0,54.34153270375443
32,-1,-1,1,-1,2022-06-29,138,0,1,7.5,0,9.076144476911486
32,-1,-1,1,-1,2022-07-13,143,0,1,7.5,0,56.86892048470271
32,-1,-1,1,-1,2022-07-20,145,0,1,7.5,0,98.67782220066208
32,-1,-1,1,-1,2022-07-27,149,0,1,7.5,0,58.137830624664005
32,-1,-1,1,-1,2022-08-03,152,0,1,7.5,0,215.39141530958145
32,-1,-1,1,-1,2022-08-17,162,0,1,7.5,0,46.40027347639341
32,-1,-1,1,-1,2022-09-01,165,0,1,7.5,0,106.48818806643771
32,-1,-1,1,-1,2023-02-08,173,0,1,7.5,0,106.68541055602591
32,-1,-1,1,-1,2023-02-14,176,0,1,7.5,0,49.85749144624332
32,-1,-1,1,-1,2023-02-28,183,0,1,7.5,0,32.09187740537098
32,-1,-1,1,-1,2023-03-07,186,0,1,7.5,0,35.505390920341625
32,-1,-1,1,-1,2023-03-14,190,0,1,7.5,0,52.19511221571942
32,-1,-1,1,-1,2023-03-21,194,0,1,7.5,0,40.09790205452988
32,-1,-1,1,-1,2023-03-28,198,0,1,7.5,0,48.53601993752232
32,-1,-1,1,-1,2023-04-06,202,0,1,7.5,0,98.43425366034396
32,-1,-1,1,-1,2023-04-14,205,0,1,7.5,0,62.64105799399222
33,1,-1,1,-1,2022-02-25,75,20,1,7.5,0,190.65557086403152
33,1,-1,1,-1,2022-03-02,78,20,1,7.5,0,126.7480904039413
33,1,-1,1,-1,2022-03-10,83,20,1,7.5,0,56.19949457512294
33,1,-1,1,-1,2022-03-17,85,20,1,7.5,0,37.03149813800732
33,1,-1,1,-1,2022-03-24,90,20,1,7.5,0,50.34095542664804
33,1,-1,1,-1,2022-04-07,97,20,1,7.5,0,144.78458066714802
33,1,-1,1,-1,2022-04-13,100,20,1,7.5,0,190.77009117319184
33,1,-1,1,-1,2022-04-20,105,20,1,7.5,0,165.3059078775361
33,1,-1,1,-1,2022-04-27,109,20,1,7.5,0,144.4488190326582
33,1,-1,1,-1,2022-05-11,117,20,1,7.5,0,172.48617951742824
33,1,-1,1,-1,2022-05-25,123,20,1,7.5,0,84.95532471961357
33,1,-1,1,-1,2022-06-01,126,20,1,7.5,0,134.0536289546272
33,1,-1,1,-1,2022-06-13,130,20,1,7.5,0,77.16293860488989
33,1,-1,1,-1,2022-06-20,133,20,1,7.5,0,129.65796472575826
33,1,-1,1,-1,2022-06-29,138,20,1,7.5,0,10.772287538488715
33,1,-1,1,-1,2022-07-13,143,20,1,7.5,0,196.9042248060789
33,1,-1,1,-1,2022-07-20,145,20,1,7.5,0,95.71119791896818
33,1,-1,1,-1,2022-07-27,149,20,1,7.5,0,69.76645599540258
33,1,-1,1,-1,2022-08-03,152,20,1,7.5,0,42.3813653768455
33,1,-1,1,-1,2022-08-17,162,20,1,7.5,0,42.29041217126225
33,1,-1,1,-1,2022-09-01,165,20,1,7.5,0,51.51169956183252
33,1,-1,1,-1,2023-02-08,173,20,1,7.5,0,71.14257696726426
33,1,-1,1,-1,2023-02-14,176,20,1,7.5,0,39.27856104041262
33,1,-1,1,-1,2023-02-28,183,20,1,7.5,0,36.16814826911159
33,1,-1,1,-1,2023-03-07,186,20,1,7.5,0,45.49441371649896
33,1,-1,1,-1,2023-03-14,190,20,1,7.5,0,86.34387263206223
33,1,-1,1,-1,2023-03-21,194,20,1,7.5,0,30.890298424408932
33,1,-1,1,-1,2023-03-28,198,20,1,7.5,0,36.74280370357391
33,1,-1,1,-1,2023-04-06,202,20,1,7.5,0,92.73742612220246
33,1,-1,1,-1,2023-04-14,205,20,1,7.5,0,37.17222937946463
34,-1,-1,1,1,2022-02-25,75,0,1,7.5,1,183.7679571660495
34,-1,-1,1,1,2022-03-02,78,0,1,7.5,1,49.05610433167812
34,-1,-1,1,1,2022-03-10,83,0,1,7.5,1,33.52445954740182
34,-1,-1,1,1,2022-03-17,85,0,1,7.5,1,62.87036590370974
34,-1,-1,1,1,2022-03-24,90,0,1,7.5,1,63.600339707023664
34,-1,-1,1,1,2022-04-07,97,0,1,7.5,1,89.23756320276166
34,-1,-1,1,1,2022-04-13,100,0,1,7.5,1,105.17267511979018
34,-1,-1,1,1,2022-04-20,105,0,1,7.5,1,74.76022154618859
34,-1,-1,1,1,2022-04-27,109,0,1,7.5,1,72.2069621131608
34,-1,-1,1,1,2022-05-11,117,0,1,7.5,1,261.14077365588724
34,-1,-1,1,1,2022-05-25,123,0,1,7.5,1,63.01922103229905
34,-1,-1,1,1,2022-06-01,126,0,1,7.5,1,122.4670397699073
34,-1,-1,1,1,2022-06-13,130,0,1,7.5,1,82.2968237954581
34,-1,-1,1,1,2022-06-20,133,0,1,7.5,1,62.883420991794985
34,-1,-1,1,1,2022-07-13,143,0,1,7.5,1,77.08708924981227
34,-1,-1,1,1,2022-07-20,145,0,1,7.5,1,146.55128837481703
34,-1,-1,1,1,2022-07-27,149,0,1,7.5,1,95.70943283796416
34,-1,-1,1,1,2022-08-03,152,0,1,7.5,1,92.21877253260112
34,-1,-1,1,1,2022-08-17,162,0,1,7.5,1,66.98318958582888
34,-1,-1,1,1,2022-09-01,165,0,1,7.5,1,68.24506239976138
34,-1,-1,1,1,2023-02-08,173,0,1,7.5,1,72.5026649563804
34,-1,-1,1,1,2023-02-14,176,0,1,7.5,1,44.358698514613714
34,-1,-1,1,1,2023-02-28,183,0,1,7.5,1,60.3184481355758
34,-1,-1,1,1,2023-03-07,186,0,1,7.5,1,37.55202466284246
34,-1,-1,1,1,2023-03-14,190,0,1,7.5,1,39.126910827425846
34,-1,-1,1,1,2023-03-21,194,0,1,7.5,1,43.28080221329136
34,-1,-1,1,1,2023-03-28,198,0,1,7.5,1,47.85103536498447
34,-1,-1,1,1,2023-04-06,202,0,1,7.5,1,104.21381015572076
34,-1,-1,1,1,2023-04-14,205,0,1,7.5,1,55.17618316226308
35,1,-1,1,1,2022-02-25,75,20,1,7.5,1,190.106493459815
35,1,-1,1,1,2022-03-02,78,20,1,7.5,1,52.47410869188475
35,1,-1,1,1,2022-03-10,83,20,1,7.5,1,37.45757581312318
35,1,-1,1,1,2022-03-17,85,20,1,7.5,1,191.6992554485359
35,1,-1,1,1,2022-03-24,90,20,1,7.5,1,86.80974763041348
35,1,-1,1,1,2022-04-07,97,20,1,7.5,1,145.36171509700313
35,1,-1,1,1,2022-04-13,100,20,1,7.5,1,69.50355416647675
35,1,-1,1,1,2022-04-20,105,20,1,7.5,1,70.0348543855565
35,1,-1,1,1,2022-04-27,109,20,1,7.5,1,105.99563748768844
35,1,-1,1,1,2022-05-11,117,20,1,7.5,1,151.5611535986899
35,1,-1,1,1,2022-05-25,123,20,1,7.5,1,236.61178840756293
35,1,-1,1,1,2022-06-01,126,20,1,7.5,1,148.59081607033266
35,1,-1,1,1,2022-06-13,130,20,1,7.5,1,150.16381924903382
35,1,-1,1,1,2022-06-20,133,20,1,7.5,1,310.6730500043973
35,1,-1,1,1,2022-06-22,134,20,1,7.5,1,102.89936503223709
35,1,-1,1,1,2022-06-29,138,20,1,7.5,1,13.014417840093468
35,1,-1,1,1,2022-07-13,143,20,1,7.5,1,109.68715263391056
35,1,-1,1,1,2022-07-20,145,20,1,7.5,1,91.986544991523445
35,1,-1,1,1,2022-07-27,149,20,1,7.5,1,73.93995064414023
35,1,-1,1,1,2022-08-03,152,20,1,7.5,1,99.5183523785722
35,1,-1,1,1,2022-08-17,162,20,1,7.5,1,178.6658280460963
35,1,-1,1,1,2022-09-01,165,20,1,7.5,1,335.6396020049775
35,1,-1,1,1,2023-02-08,173,20,1,7.5,1,70.91090456276062
35,1,-1,1,1,2023-02-14,176,20,1,7.5,1,41.47410768056417
35,1,-1,1,1,2023-02-28,183,20,1,7.5,1,74.19847615017783
35,1,-1,1,1,2023-03-07,186,20,1,7.5,1,68.62001040617956
35,1,-1,1,1,2023-03-14,190,20,1,7.5,1,49.550189677027504
35,1,-1,1,1,2023-03-21,194,20,1,7.5,1,38.55138715617011
35,1,-1,1,1,2023-03-28,198,20,1,7.5,1,42.56038597997024
35,1,-1,1,1,2023-04-06,202,20,1,7.5,1,138.7711227338459
35,1,-1,1,1,2023-04-14,205,20,1,7.5,1,71.43634849187018
36,0,0,-1,0,2022-03-02,78,10,0,8.5,0.5,345.29268219641034
36,0,0,-1,0,2022-03-10,83,10,0,8.5,0.5,32.03144525721438
36,0,0,-1,0,2022-03-17,85,10,0,8.5,0.5,44.63734634766228
36,0,0,-1,0,2022-03-24,90,10,0,8.5,0.5,32.29670611630087
36,0,0,-1,0,2022-04-07,97,10,0,8.5,0.5,247.07841974159152
36,0,0,-1,0,2022-04-13,100,10,0,8.5,0.5,208.2992430055757
36,0,0,-1,0,2022-04-20,105,10,0,8.5,0.5,341.89190739191827
36,0,0,-1,0,2022-04-27,109,10,0,8.5,0.5,75.39287223986646
36,0,0,-1,0,2022-05-11,117,10,0,8.5,0.5,190.5439228286501
36,0,0,-1,0,2022-05-25,123,10,0,8.5,0.5,295.0132994123805
36,0,0,-1,0,2022-06-01,126,10,0,8.5,0.5,82.06304268404062
36,0,0,-1,0,2022-06-13,130,10,0,8.5,0.5,236.72109319306543
36,0,0,-1,0,2022-06-20,133,10,0,8.5,0.5,194.10086045738103
36,0,0,-1,0,2022-06-29,138,10,0,8.5,0.5,13.458822954538672
36,0,0,-1,0,2022-07-13,143,10,0,8.5,0.5,143.84258386494628
36,0,0,-1,0,2022-07-20,145,10,0,8.5,0.5,128.7325207286404
36,0,0,-1,0,2022-07-27,149,10,0,8.5,0.5,91.6695331361902
36,0,0,-1,0,2022-08-03,152,10,0,8.5,0.5,120.17312561732442
36,0,0,-1,0,2022-08-17,162,10,0,8.5,0.5,66.83933493069107
36,0,0,-1,0,2022-09-01,165,10,0,8.5,0.5,508.4150675455504
36,0,0,-1,0,2023-02-08,173,10,0,8.5,0.5,31.02401726766256
36,0,0,-1,0,2023-02-14,176,10,0,8.5,0.5,30.852506741220903
36,0,0,-1,0,2023-02-28,183,10,0,8.5,0.5,44.32308565679976
36,0,0,-1,0,2023-03-07,186,10,0,8.5,0.5,55.45564267549465
36,0,0,-1,0,2023-03-14,190,10,0,8.5,0.5,32.299316067879516
36,0,0,-1,0,2023-03-21,194,10,0,8.5,0.5,37.231699111775555
36,0,0,-1,0,2023-03-28,198,10,0,8.5,0.5,42.13596273418387
36,0,0,-1,0,2023-04-06,202,10,0,8.5,0.5,103.82165653058298
36,0,0,-1,0,2023-04-14,205,10,0,8.5,0.5,99.02106901875466
38,1,0,0,0,2022-02-25,75,20,0.5,8.5,0.5,94.9303086626148
38,1,0,0,0,2022-03-02,78,20,0.5,8.5,0.5,134.2423331626186
38,1,0,0,0,2022-03-10,83,20,0.5,8.5,0.5,21.16845685408101
38,1,0,0,0,2022-03-17,85,20,0.5,8.5,0.5,51.82993685574755
38,1,0,0,0,2022-03-24,90,20,0.5,8.5,0.5,32.59687481029543
38,1,0,0,0,2022-04-07,97,20,0.5,8.5,0.5,66.9810342452674
38,1,0,0,0,2022-04-13,100,20,0.5,8.5,0.5,80.25527961493012
38,1,0,0,0,2022-04-20,105,20,0.5,8.5,0.5,108.0324225033833
38,1,0,0,0,2022-04-27,109,20,0.5,8.5,0.5,66.2058944613383
38,1,0,0,0,2022-05-11,117,20,0.5,8.5,0.5,33.29588800944296
38,1,0,0,0,2022-06-01,126,20,0.5,8.5,0.5,58.03186105672642
38,1,0,0,0,2022-06-13,130,20,0.5,8.5,0.5,68.3169606006455
38,1,0,0,0,2022-06-20,133,20,0.5,8.5,0.5,36.70623450478043
38,1,0,0,0,2022-07-13,143,20,0.5,8.5,0.5,149.64212203534532
38,1,0,0,0,2022-07-20,145,20,0.5,8.5,0.5,56.11997403276531
38,1,0,0,0,2022-07-27,149,20,0.5,8.5,0.5,36.2245133499374
38,1,0,0,0,2022-08-03,152,20,0.5,8.5,0.5,71.02505592827163
38,1,0,0,0,2022-08-17,162,20,0.5,8.5,0.5,44.795306348247934
38,1,0,0,0,2022-09-01,165,20,0.5,8.5,0.5,41.32639031412612
38,1,0,0,0,2023-02-08,173,20,0.5,8.5,0.5,47.95330654224404
38,1,0,0,0,2023-02-14,176,20,0.5,8.5,0.5,28.015517167436883
38,1,0,0,0,2023-02-28,183,20,0.5,8.5,0.5,28.928210161596247
38,1,0,0,0,2023-03-07,186,20,0.5,8.5,0.5,26.451015958566607
38,1,0,0,0,2023-03-14,190,20,0.5,8.5,0.5,20.146692991815648
38,1,0,0,0,2023-03-21,194,20,0.5,8.5,0.5,51.925842823727294
38,1,0,0,0,2023-03-28,198,20,0.5,8.5,0.5,36.76460448770991
38,1,0,0,0,2023-04-06,202,20,0.5,8.5,0.5,82.31333506084877
38,1,0,0,0,2023-04-14,205,20,0.5,8.5,0.5,25.646254716392644
39,-1,0,0,0,2022-02-25,75,0,0.5,8.5,0.5,120.8617860298405
39,-1,0,0,0,2022-03-02,78,0,0.5,8.5,0.5,61.5118210759233
39,-1,0,0,0,2022-03-10,83,0,0.5,8.5,0.5,27.74972977789564
39,-1,0,0,0,2022-03-17,85,0,0.5,8.5,0.5,42.59359472110225
39,-1,0,0,0,2022-03-24,90,0,0.5,8.5,0.5,80.62776143064366
39,-1,0,0,0,2022-04-07,97,0,0.5,8.5,0.5,292.1236897194445
39,-1,0,0,0,2022-04-13,100,0,0.5,8.5,0.5,208.0260213905173
39,-1,0,0,0,2022-04-20,105,0,0.5,8.5,0.5,52.31645264493592
39,-1,0,0,0,2022-04-27,109,0,0.5,8.5,0.5,88.93241427539773
39,-1,0,0,0,2022-05-11,117,0,0.5,8.5,0.5,90.93981615406794
39,-1,0,0,0,2022-06-01,126,0,0.5,8.5,0.5,66.86670678696223
39,-1,0,0,0,2022-06-13,130,0,0.5,8.5,0.5,49.13522372764216
39,-1,0,0,0,2022-06-20,133,0,0.5,8.5,0.5,145.39755294107292
39,-1,0,0,0,2022-07-13,143,0,0.5,8.5,0.5,62.78577164239358
39,-1,0,0,0,2022-07-20,145,0,0.5,8.5,0.5,45.6995943798366
39,-1,0,0,0,2022-07-27,149,0,0.5,8.5,0.5,33.72504196080603
39,-1,0,0,0,2022-08-03,152,0,0.5,8.5,0.5,80.64361613220397
39,-1,0,0,0,2022-08-17,162,0,0.5,8.5,0.5,52.85543435971227
39,-1,0,0,0,2022-09-01,165,0,0.5,8.5,0.5,44.02174585980034
39,-1,0,0,0,2023-02-08,173,0,0.5,8.5,0.5,25.339699581572244
39,-1,0,0,0,2023-02-14,176,0,0.5,8.5,0.5,25.222632284594408
39,-1,0,0,0,2023-02-28,183,0,0.5,8.5,0.5,28.51728139887208
39,-1,0,0,0,2023-03-07,186,0,0.5,8.5,0.5,24.059156070717723
39,-1,0,0,0,2023-03-14,190,0,0.5,8.5,0.5,18.759312241910806
39,-1,0,0,0,2023-03-21,194,0,0.5,8.5,0.5,24.768791285710194
39,-1,0,0,0,2023-03-28,198,0,0.5,8.5,0.5,59.46693413660156
39,-1,0,0,0,2023-04-06,202,0,0.5,8.5,0.5,82.41963429546203
39,-1,0,0,0,2023-04-14,205,0,0.5,8.5,0.5,58.37163830596622
40,0,0,0,1,2022-02-25,75,10,0.5,8.5,1,61.927467408775215
40,0,0,0,1,2022-03-02,78,10,0.5,8.5,1,22.589499305770392
40,0,0,0,1,2022-03-10,83,10,0.5,8.5,1,23.738659851828185
40,0,0,0,1,2022-03-17,85,10,0.5,8.5,1,65.14170706287756
40,0,0,0,1,2022-03-24,90,10,0.5,8.5,1,41.96018796173654
40,0,0,0,1,2022-04-07,97,10,0.5,8.5,1,98.55677739658968
40,0,0,0,1,2022-04-13,100,10,0.5,8.5,1,48.68651558122169
40,0,0,0,1,2022-04-20,105,10,0.5,8.5,1,68.31144473941876
40,0,0,0,1,2022-04-27,109,10,0.5,8.5,1,69.10183525565361
40,0,0,0,1,2022-05-11,117,10,0.5,8.5,1,62.34744972655767
40,0,0,0,1,2022-06-01,126,10,0.5,8.5,1,57.83740483898944
40,0,0,0,1,2022-06-13,130,10,0.5,8.5,1,44.030115622652254
40,0,0,0,1,2022-06-20,133,10,0.5,8.5,1,42.79809731909595
40,0,0,0,1,2022-06-22,134,10,0.5,8.5,1,34.32813323426697
40,0,0,0,1,2022-07-13,143,10,0.5,8.5,1,236.32714330577107
40,0,0,0,1,2022-07-20,145,10,0.5,8.5,1,129.89778945550773
40,0,0,0,1,2022-07-27,149,10,0.5,8.5,1,61.978378831684495
40,0,0,0,1,2022-08-03,152,10,0.5,8.5,1,116.459642643838
40,0,0,0,1,2022-08-17,162,10,0.5,8.5,1,56.077856703173055
40,0,0,0,1,2022-09-01,165,10,0.5,8.5,1,63.289902861967846
40,0,0,0,1,2023-02-08,173,10,0.5,8.5,1,48.840770551007125
40,0,0,0,1,2023-02-16,177,10,0.5,8.5,1,33.38248655315956
40,0,0,0,1,2023-02-23,180,10,0.5,8.5,1,89.46543413916504
40,0,0,0,1,2023-03-09,187,10,0.5,8.5,1,32.873923195254264
40,0,0,0,1,2023-03-16,191,10,0.5,8.5,1,36.73165957260334
40,0,0,0,1,2023-03-23,195,10,0.5,8.5,1,58.68309212085119
40,0,0,0,1,2023-03-30,199,10,0.5,8.5,1,50.779754548699394
40,0,0,0,1,2023-04-06,202,10,0.5,8.5,1,83.87379559191923
40,0,0,0,1,2023-04-14,205,10,0.5,8.5,1,37.25048938024391
41,0,0,0,-1,2022-02-25,75,10,0.5,8.5,0,31.52488543307065
41,0,0,0,-1,2022-03-02,78,10,0.5,8.5,0,13.615857690269387
41,0,0,0,-1,2022-03-10,83,10,0.5,8.5,0,12.79682355065874
41,0,0,0,-1,2022-03-17,85,10,0.5,8.5,0,32.57563122610315
41,0,0,0,-1,2022-03-24,90,10,0.5,8.5,0,33.2565784870317
41,0,0,0,-1,2022-04-07,97,10,0.5,8.5,0,59.98724243119982
41,0,0,0,-1,2022-04-13,100,10,0.5,8.5,0,46.501986439768
41,0,0,0,-1,2022-04-20,105,10,0.5,8.5,0,40.75780291415846
41,0,0,0,-1,2022-04-27,109,10,0.5,8.5,0,58.09043564375539
41,0,0,0,-1,2022-05-11,117,10,0.5,8.5,0,27.489220114675888
41,0,0,0,-1,2022-06-01,126,10,0.5,8.5,0,14.619596621387814
41,0,0,0,-1,2022-06-13,130,10,0.5,8.5,0,84.94006597507453
41,0,0,0,-1,2022-06-20,133,10,0.5,8.5,0,28.701453083548124
41,0,0,0,-1,2022-06-22,134,10,0.5,8.5,0,24.648403253968635
41,0,0,0,-1,2022-07-13,143,10,0.5,8.5,0,30.594048423402754
41,0,0,0,-1,2022-07-20,145,10,0.5,8.5,0,73.26724494191862
41,0,0,0,-1,2022-07-27,149,10,0.5,8.5,0,38.56245272511439
41,0,0,0,-1,2022-08-03,152,10,0.5,8.5,0,207.48084685661684
41,0,0,0,-1,2022-08-17,162,10,0.5,8.5,0,36.27377480350593
41,0,0,0,-1,2022-09-01,165,10,0.5,8.5,0,16.192134880951297
41,0,0,0,-1,2023-02-08,173,10,0.5,8.5,0,15.302957209625289
41,0,0,0,-1,2023-02-16,177,10,0.5,8.5,0,10.386243296146986
41,0,0,0,-1,2023-02-23,180,10,0.5,8.5,0,20.3891973805096
41,0,0,0,-1,2023-03-09,187,10,0.5,8.5,0,7.52009166080276
41,0,0,0,-1,2023-03-16,191,10,0.5,8.5,0,3.665378227312491
41,0,0,0,-1,2023-03-23,195,10,0.5,8.5,0,12.863726660198733
41,0,0,0,-1,2023-03-30,199,10,0.5,8.5,0,7.541018297888376
41,0,0,0,-1,2023-04-06,202,10,0.5,8.5,0,21.06846322693719
41,0,0,0,-1,2023-04-14,205,10,0.5,8.5,0,10.487923984128104
42,0,0,0,0,2022-02-25,75,10,0.5,8.5,0.5,55.21133683629892
42,0,0,0,0,2022-03-02,78,10,0.5,8.5,0.5,24.337125921475234
42,0,0,0,0,2022-03-10,83,10,0.5,8.5,0.5,9.188955781076892
42,0,0,0,0,2022-03-17,85,10,0.5,8.5,0.5,42.45666161860069
42,0,0,0,0,2022-03-24,90,10,0.5,8.5,0.5,28.419049551822276
42,0,0,0,0,2022-04-07,97,10,0.5,8.5,0.5,49.57590208275758
42,0,0,0,0,2022-04-13,100,10,0.5,8.5,0.5,52.85251219414253
42,0,0,0,0,2022-04-20,105,10,0.5,8.5,0.5,190.456774802924
42,0,0,0,0,2022-04-27,109,10,0.5,8.5,0.5,65.31149859556567
42,0,0,0,0,2022-05-11,117,10,0.5,8.5,0.5,40.341115080095086
42,0,0,0,0,2022-06-01,126,10,0.5,8.5,0.5,27.92530963797933
42,0,0,0,0,2022-06-13,130,10,0.5,8.5,0.5,25.0038124326952
42,0,0,0,0,2022-06-20,133,10,0.5,8.5,0.5,24.81683846124578
42,0,0,0,0,2022-06-22,134,10,0.5,8.5,0.5,33.567384782105485
42,0,0,0,0,2022-07-13,143,10,0.5,8.5,0.5,122.4201960964179
42,0,0,0,0,2022-07-20,145,10,0.5,8.5,0.5,421.1587785315077
42,0,0,0,0,2022-07-27,149,10,0.5,8.5,0.5,183.16456378906707
42,0,0,0,0,2022-08-03,152,10,0.5,8.5,0.5,87.94900401431417
42,0,0,0,0,2022-08-17,162,10,0.5,8.5,0.5,48.10795911712715
42,0,0,0,0,2022-09-01,165,10,0.5,8.5,0.5,30.42273902010044
42,0,0,0,0,2023-02-08,173,10,0.5,8.5,0.5,31.011121826294524
42,0,0,0,0,2023-02-16,177,10,0.5,8.5,0.5,19.84281879871208
42,0,0,0,0,2023-02-23,180,10,0.5,8.5,0.5,52.571438477756864
42,0,0,0,0,2023-03-09,187,10,0.5,8.5,0.5,18.920012086564807
42,0,0,0,0,2023-03-16,191,10,0.5,8.5,0.5,13.633688666360035
42,0,0,0,0,2023-03-23,195,10,0.5,8.5,0.5,25.13826626436245
42,0,0,0,0,2023-03-30,199,10,0.5,8.5,0.5,18.40763833165664
42,0,0,0,0,2023-04-06,202,10,0.5,8.5,0.5,51.638146070609366
42,0,0,0,0,2023-04-14,205,10,0.5,8.5,0.5,27.47711469786165
43,0,0,1,0,2022-02-25,75,10,1,8.5,0.5,292.1612650751477
43,0,0,1,0,2022-03-02,78,10,1,8.5,0.5,36.626941780875896
43,0,0,1,0,2022-03-10,83,10,1,8.5,0.5,18.97206380727009
43,0,0,1,0,2022-03-17,85,10,1,8.5,0.5,34.32092819920811
43,0,0,1,0,2022-03-24,90,10,1,8.5,0.5,40.764113336494184
43,0,0,1,0,2022-04-07,97,10,1,8.5,0.5,81.48260946787849
43,0,0,1,0,2022-04-13,100,10,1,8.5,0.5,526.4947053385833
43,0,0,1,0,2022-04-20,105,10,1,8.5,0.5,147.77651905954428
43,0,0,1,0,2022-04-27,109,10,1,8.5,0.5,67.23328294266486
43,0,0,1,0,2022-05-11,117,10,1,8.5,0.5,59.2672277307163
43,0,0,1,0,2022-06-01,126,10,1,8.5,0.5,116.10192844897954
43,0,0,1,0,2022-06-13,130,10,1,8.5,0.5,53.6148713907556
43,0,0,1,0,2022-06-20,133,10,1,8.5,0.5,30.862911504250462
43,0,0,1,0,2022-06-22,134,10,1,8.5,0.5,50.08106308031668
43,0,0,1,0,2022-07-13,143,10,1,8.5,0.5,0.5285131986838952
43,0,0,1,0,2022-07-20,145,10,1,8.5,0.5,40.38648289704119
43,0,0,1,0,2022-07-27,149,10,1,8.5,0.5,77.00216115562412
43,0,0,1,0,2022-08-03,152,10,1,8.5,0.5,75.18696407569729
43,0,0,1,0,2022-08-17,162,10,1,8.5,0.5,51.93171890376189
43,0,0,1,0,2022-09-01,165,10,1,8.5,0.5,38.48220872336569
43,0,0,1,0,2023-02-08,173,10,1,8.5,0.5,52.495243322092335
43,0,0,1,0,2023-02-16,177,10,1,8.5,0.5,28.748401055601622
43,0,0,1,0,2023-02-23,180,10,1,8.5,0.5,62.0513422032935
43,0,0,1,0,2023-03-09,187,10,1,8.5,0.5,37.96458026888676
43,0,0,1,0,2023-03-16,191,10,1,8.5,0.5,30.868305804192012
43,0,0,1,0,2023-03-23,195,10,1,8.5,0.5,50.94629043710746
43,0,0,1,0,2023-03-30,199,10,1,8.5,0.5,34.11630141199738
43,0,0,1,0,2023-04-06,202,10,1,8.5,0.5,73.83937849606107
43,0,0,1,0,2023-04-14,205,10,1,8.5,0.5,37.04176449042932
44,-1,1,-1,-1,2022-02-25,75,0,0,9.5,0,128.3011724722591
44,-1,1,-1,-1,2022-03-02,78,0,0,9.5,0,31.538754877321114
44,-1,1,-1,-1,2022-03-10,83,0,0,9.5,0,18.486835509425905
44,-1,1,-1,-1,2022-03-17,85,0,0,9.5,0,31.106549799882977
44,-1,1,-1,-1,2022-03-24,90,0,0,9.5,0,35.02435744199964
44,-1,1,-1,-1,2022-04-07,97,0,0,9.5,0,108.6010627578026
44,-1,1,-1,-1,2022-04-13,100,0,0,9.5,0,59.016048790261166
44,-1,1,-1,-1,2022-04-20,105,0,0,9.5,0,33.8814165688059
44,-1,1,-1,-1,2022-04-27,109,0,0,9.5,0,35.602998781268845
44,-1,1,-1,-1,2022-05-11,117,0,0,9.5,0,39.65835897007266
44,-1,1,-1,-1,2022-06-01,126,0,0,9.5,0,28.49497822109321
44,-1,1,-1,-1,2022-06-13,130,0,0,9.5,0,25.56239478615681
44,-1,1,-1,-1,2022-06-20,133,0,0,9.5,0,27.800049590024567
44,-1,1,-1,-1,2022-06-22,134,0,0,9.5,0,19.96288181019205
44,-1,1,-1,-1,2022-07-13,143,0,0,9.5,0,16.341221663296338
44,-1,1,-1,-1,2022-07-20,145,0,0,9.5,0,65.57516880795856
44,-1,1,-1,-1,2022-07-27,149,0,0,9.5,0,18.215186051882355
44,-1,1,-1,-1,2022-08-03,152,0,0,9.5,0,17.958712854661268
44,-1,1,-1,-1,2022-08-17,162,0,0,9.5,0,32.791796541479165
44,-1,1,-1,-1,2022-09-01,165,0,0,9.5,0,18.00181759850514
44,-1,1,-1,-1,2023-02-08,173,0,0,9.5,0,21.118189631437488
44,-1,1,-1,-1,2023-02-16,177,0,0,9.5,0,13.284787087172724
44,-1,1,-1,-1,2023-02-23,180,0,0,9.5,0,15.258513000001685
44,-1,1,-1,-1,2023-03-09,187,0,0,9.5,0,14.767447261041053
44,-1,1,-1,-1,2023-03-16,191,0,0,9.5,0,11.046475513503967
44,-1,1,-1,-1,2023-03-23,195,0,0,9.5,0,19.84448688803119
44,-1,1,-1,-1,2023-03-30,199,0,0,9.5,0,20.675601205187654
44,-1,1,-1,-1,2023-04-06,202,0,0,9.5,0,13.226387313021226
44,-1,1,-1,-1,2023-04-14,205,0,0,9.5,0,15.028476949064125
45,1,1,-1,-1,2022-02-25,75,20,0,9.5,0,43.26543868239008
45,1,1,-1,-1,2022-03-02,78,20,0,9.5,0,28.804307003287512
45,1,1,-1,-1,2022-03-10,83,20,0,9.5,0,25.069478137403163
45,1,1,-1,-1,2022-03-17,85,20,0,9.5,0,23.28815312328156
45,1,1,-1,-1,2022-03-24,90,20,0,9.5,0,17.966832224651917
45,1,1,-1,-1,2022-04-07,97,20,0,9.5,0,55.00229920245072
45,1,1,-1,-1,2022-04-13,100,20,0,9.5,0,46.6982738294557
45,1,1,-1,-1,2022-04-20,105,20,0,9.5,0,56.958355556833205
45,1,1,-1,-1,2022-04-27,109,20,0,9.5,0,40.322536598709775
45,1,1,-1,-1,2022-05-11,117,20,0,9.5,0,110.6273782822869
45,1,1,-1,-1,2022-06-01,126,20,0,9.5,0,159.28388899545055
45,1,1,-1,-1,2022-06-13,130,20,0,9.5,0,96.18406866913196
45,1,1,-1,-1,2022-06-20,133,20,0,9.5,0,33.714228824275125
45,1,1,-1,-1,2022-06-22,134,20,0,9.5,0,27.328165507150345
45,1,1,-1,-1,2022-07-13,143,20,0,9.5,0,37.91114670757272
45,1,1,-1,-1,2022-07-20,145,20,0,9.5,0,41.93496273290387
45,1,1,-1,-1,2022-07-27,149,20,0,9.5,0,18.29987213155119
45,1,1,-1,-1,2022-08-03,152,20,0,9.5,0,30.05295986031328
45,1,1,-1,-1,2022-08-17,162,20,0,9.5,0,37.86163385523648
45,1,1,-1,-1,2022-09-01,165,20,0,9.5,0,26.915036275062818
45,1,1,-1,-1,2023-02-08,173,20,0,9.5,0,23.01635724667505
45,1,1,-1,-1,2023-02-16,177,20,0,9.5,0,19.22391985672777
45,1,1,-1,-1,2023-02-23,180,20,0,9.5,0,32.21307721481587
45,1,1,-1,-1,2023-03-09,187,20,0,9.5,0,19.8985775415506
45,1,1,-1,-1,2023-03-16,191,20,0,9.5,0,14.453363257833857
45,1,1,-1,-1,2023-03-23,195,20,0,9.5,0,32.12776155149734
45,1,1,-1,-1,2023-03-30,199,20,0,9.5,0,28.657995734360913
45,1,1,-1,-1,2023-04-06,202,20,0,9.5,0,32.045666075657415
45,1,1,-1,-1,2023-04-14,205,20,0,9.5,0,19.45735074551143
46,-1,1,-1,1,2022-02-25,75,0,0,9.5,1,177.00299789060497
46,-1,1,-1,1,2022-03-02,78,0,0,9.5,1,47.42800217925922
46,-1,1,-1,1,2022-03-10,83,0,0,9.5,1,18.333056828536755
46,-1,1,-1,1,2022-03-17,85,0,0,9.5,1,15.56047749985366
46,-1,1,-1,1,2022-03-24,90,0,0,9.5,1,52.47220563583605
46,-1,1,-1,1,2022-04-07,97,0,0,9.5,1,31.329309528805783
46,-1,1,-1,1,2022-04-13,100,0,0,9.5,1,26.886698259711896
46,-1,1,-1,1,2022-04-20,105,0,0,9.5,1,61.056401596420685
46,-1,1,-1,1,2022-04-27,109,0,0,9.5,1,42.986326049838034
46,-1,1,-1,1,2022-05-11,117,0,0,9.5,1,12.218934511334517
46,-1,1,-1,1,2022-06-01,126,0,0,9.5,1,44.2767024489171
46,-1,1,-1,1,2022-06-13,130,0,0,9.5,1,48.341777550738655
46,-1,1,-1,1,2022-06-20,133,0,0,9.5,1,42.28703288967631
46,-1,1,-1,1,2022-06-22,134,0,0,9.5,1,50.86288170770483
46,-1,1,-1,1,2022-06-29,138,0,0,9.5,1,6.060255108789801
46,-1,1,-1,1,2022-07-13,143,0,0,9.5,1,19.26083551753355
46,-1,1,-1,1,2022-07-20,145,0,0,9.5,1,40.752770030990135
46,-1,1,-1,1,2022-07-27,149,0,0,9.5,1,34.33837583920702
46,-1,1,-1,1,2022-08-03,152,0,0,9.5,1,42.09250764329117
46,-1,1,-1,1,2022-08-17,162,0,0,9.5,1,58.11045577502766
46,-1,1,-1,1,2022-09-01,165,0,0,9.5,1,17.10078261096363
46,-1,1,-1,1,2023-02-08,173,0,0,9.5,1,22.02966853162893
46,-1,1,-1,1,2023-02-16,177,0,0,9.5,1,14.836634657314717
46,-1,1,-1,1,2023-02-23,180,0,0,9.5,1,16.66456648881722
46,-1,1,-1,1,2023-03-09,187,0,0,9.5,1,11.899089696184022
46,-1,1,-1,1,2023-03-16,191,0,0,9.5,1,8.814319928581844
46,-1,1,-1,1,2023-03-23,195,0,0,9.5,1,25.359261940943995
46,-1,1,-1,1,2023-03-30,199,0,0,9.5,1,39.01356963296479
46,-1,1,-1,1,2023-04-06,202,0,0,9.5,1,32.11085212088614
46,-1,1,-1,1,2023-04-14,205,0,0,9.5,1,17.19471245394702
47,1,1,-1,1,2022-02-25,75,20,0,9.5,1,80.16408274333736
47,1,1,-1,1,2022-03-02,78,20,0,9.5,1,24.73708274467734
47,1,1,-1,1,2022-03-10,83,20,0,9.5,1,27.09741051728352
47,1,1,-1,1,2022-03-17,85,20,0,9.5,1,26.793498534407465
47,1,1,-1,1,2022-03-24,90,20,0,9.5,1,123.3933417104074
47,1,1,-1,1,2022-04-07,97,20,0,9.5,1,44.35222412146791
47,1,1,-1,1,2022-04-13,100,20,0,9.5,1,52.892027172951416
47,1,1,-1,1,2022-04-20,105,20,0,9.5,1,56.90791841822264
47,1,1,-1,1,2022-04-27,109,20,0,9.5,1,35.40487704736452
47,1,1,-1,1,2022-05-11,117,20,0,9.5,1,34.95816030854601
47,1,1,-1,1,2022-06-01,126,20,0,9.5,1,60.0239889406341
47,1,1,-1,1,2022-06-13,130,20,0,9.5,1,123.25775675468692
47,1,1,-1,1,2022-06-20,133,20,0,9.5,1,221.2703834111108
47,1,1,-1,1,2022-06-22,134,20,0,9.5,1,60.10623927347295
47,1,1,-1,1,2022-07-13,143,20,0,9.5,1,215.470870234872
47,1,1,-1,1,2022-07-20,145,20,0,9.5,1,155.1698986123253
47,1,1,-1,1,2022-07-27,149,20,0,9.5,1,32.520532214599086
47,1,1,-1,1,2022-08-03,152,20,0,9.5,1,67.35474244906905
47,1,1,-1,1,2022-08-17,162,20,0,9.5,1,51.88960069322853
47,1,1,-1,1,2022-09-01,165,20,0,9.5,1,37.99713240276736
47,1,1,-1,1,2023-02-08,173,20,0,9.5,1,36.84823826110621
47,1,1,-1,1,2023-02-16,177,20,0,9.5,1,35.01167950507642
47,1,1,-1,1,2023-02-23,180,20,0,9.5,1,74.35833665997345
47,1,1,-1,1,2023-03-09,187,20,0,9.5,1,38.03375146311632
47,1,1,-1,1,2023-03-16,191,20,0,9.5,1,19.405623289908885
47,1,1,-1,1,2023-03-23,195,20,0,9.5,1,46.01472132688162
47,1,1,-1,1,2023-03-30,199,20,0,9.5,1,38.70889650723464
47,1,1,-1,1,2023-04-06,202,20,0,9.5,1,46.0444434315945
47,1,1,-1,1,2023-04-14,205,20,0,9.5,1,36.40457715316976
48,0,1,0,0,2022-02-25,75,10,0.5,9.5,0.5,119.80536460655878
48,0,1,0,0,2022-03-02,78,10,0.5,9.5,0.5,31.021745140610555
48,0,1,0,0,2022-03-10,83,10,0.5,9.5,0.5,43.3795358739334
48,0,1,0,0,2022-03-17,85,10,0.5,9.5,0.5,50.01340579919184
48,0,1,0,0,2022-03-24,90,10,0.5,9.5,0.5,50.83485430323337
48,0,1,0,0,2022-04-07,97,10,0.5,9.5,0.5,64.40721466535244
48,0,1,0,0,2022-04-13,100,10,0.5,9.5,0.5,144.3088482829849
48,0,1,0,0,2022-04-20,105,10,0.5,9.5,0.5,119.01053161497563
48,0,1,0,0,2022-04-27,109,10,0.5,9.5,0.5,183.70363994387128
48,0,1,0,0,2022-05-11,117,10,0.5,9.5,0.5,74.15630619924767
48,0,1,0,0,2022-06-01,126,10,0.5,9.5,0.5,48.43641219419531
48,0,1,0,0,2022-06-13,130,10,0.5,9.5,0.5,55.41370081376854
48,0,1,0,0,2022-06-20,133,10,0.5,9.5,0.5,64.97325306967258
48,0,1,0,0,2022-06-22,134,10,0.5,9.5,0.5,52.93355919345133
48,0,1,0,0,2022-07-13,143,10,0.5,9.5,0.5,35.923704381072014
48,0,1,0,0,2022-07-20,145,10,0.5,9.5,0.5,39.17900080732451
48,0,1,0,0,2022-07-27,149,10,0.5,9.5,0.5,59.6480391656646
48,0,1,0,0,2022-08-03,152,10,0.5,9.5,0.5,91.78262247039848
48,0,1,0,0,2022-08-17,162,10,0.5,9.5,0.5,34.297977865813834
48,0,1,0,0,2022-09-01,165,10,0.5,9.5,0.5,229.85153961148964
48,0,1,0,0,2023-02-08,173,10,0.5,9.5,0.5,36.18369680156332
48,0,1,0,0,2023-02-16,177,10,0.5,9.5,0.5,10.594191229499062
48,0,1,0,0,2023-02-23,180,10,0.5,9.5,0.5,23.609219770632063
48,0,1,0,0,2023-03-09,187,10,0.5,9.5,0.5,13.30807508630012
48,0,1,0,0,2023-03-16,191,10,0.5,9.5,0.5,7.4549311905930296
48,0,1,0,0,2023-03-23,195,10,0.5,9.5,0.5,12.032687836036455
48,0,1,0,0,2023-03-30,199,10,0.5,9.5,0.5,10.24988039744877
48,0,1,0,0,2023-04-06,202,10,0.5,9.5,0.5,27.544050394162824
48,0,1,0,0,2023-04-14,205,10,0.5,9.5,0.5,15.30608511317042
49,-1,1,1,-1,2022-02-25,75,0,1,9.5,0,57.11307434044185
49,-1,1,1,-1,2022-03-02,78,0,1,9.5,0,20.4006135144294
49,-1,1,1,-1,2022-03-10,83,0,1,9.5,0,21.600108624532904
49,-1,1,1,-1,2022-03-17,85,0,1,9.5,0,166.72346218769874
49,-1,1,1,-1,2022-03-24,90,0,1,9.5,0,41.38738528049992
49,-1,1,1,-1,2022-04-07,97,0,1,9.5,0,80.39823741656511
49,-1,1,1,-1,2022-04-13,100,0,1,9.5,0,144.4038489865764
49,-1,1,1,-1,2022-04-20,105,0,1,9.5,0,96.07542543329812
49,-1,1,1,-1,2022-04-27,109,0,1,9.5,0,117.80579667270226
49,-1,1,1,-1,2022-05-11,117,0,1,9.5,0,10.28102002087382
49,-1,1,1,-1,2022-06-01,126,0,1,9.5,0,39.57517463678938
49,-1,1,1,-1,2022-06-13,130,0,1,9.5,0,43.76266414098442
49,-1,1,1,-1,2022-06-20,133,0,1,9.5,0,46.043545286230525
49,-1,1,1,-1,2022-06-22,134,0,1,9.5,0,21.211101575436697
49,-1,1,1,-1,2022-07-13,143,0,1,9.5,0,51.26862289800698
49,-1,1,1,-1,2022-07-20,145,0,1,9.5,0,55.28987577940636
49,-1,1,1,-1,2022-07-27,149,0,1,9.5,0,40.2456547939856
49,-1,1,1,-1,2022-08-03,152,0,1,9.5,0,126.25902734221508
49,-1,1,1,-1,2022-08-17,162,0,1,9.5,0,48.66130463304372
49,-1,1,1,-1,2022-09-01,165,0,1,9.5,0,79.8968421103206
49,-1,1,1,-1,2023-02-08,173,0,1,9.5,0,32.06445384885009
49,-1,1,1,-1,2023-02-16,177,0,1,9.5,0,8.432045768348289
49,-1,1,1,-1,2023-02-23,180,0,1,9.5,0,28.58000899059305
49,-1,1,1,-1,2023-03-09,187,0,1,9.5,0,14.656554284129395
49,-1,1,1,-1,2023-03-16,191,0,1,9.5,0,10.811149030569574
49,-1,1,1,-1,2023-03-23,195,0,1,9.5,0,23.181865151211237
49,-1,1,1,-1,2023-03-30,199,0,1,9.5,0,20.54393151296391
49,-1,1,1,-1,2023-04-06,202,0,1,9.5,0,34.6983416254202
49,-1,1,1,-1,2023-04-14,205,0,1,9.5,0,31.482506332756085
50,1,1,1,-1,2022-02-25,75,20,1,9.5,0,123.93873379677366
50,1,1,1,-1,2022-03-02,78,20,1,9.5,0,58.39888415148093
50,1,1,1,-1,2022-03-10,83,20,1,9.5,0,28.617140503721483
50,1,1,1,-1,2022-03-17,85,20,1,9.5,0,1358.5489379033818
50,1,1,1,-1,2022-03-24,90,20,1,9.5,0,80.87377145181097
50,1,1,1,-1,2022-04-13,100,20,1,9.5,0,289.9149052732275
50,1,1,1,-1,2022-04-20,105,20,1,9.5,0,72.84889058590052
50,1,1,1,-1,2022-04-27,109,20,1,9.5,0,92.30645270652565
50,1,1,1,-1,2022-05-11,117,20,1,9.5,0,62.11343633710259
50,1,1,1,-1,2022-06-01,126,20,1,9.5,0,73.66989703727266
50,1,1,1,-1,2022-06-13,130,20,1,9.5,0,123.20160468429616
50,1,1,1,-1,2022-06-20,133,20,1,9.5,0,52.72101780759372
50,1,1,1,-1,2022-06-22,134,20,1,9.5,0,54.630737810480525
50,1,1,1,-1,2022-07-13,143,20,1,9.5,0,47.062192513044565
50,1,1,1,-1,2022-07-20,145,20,1,9.5,0,36.860730205429576
50,1,1,1,-1,2022-07-27,149,20,1,9.5,0,36.45540364275716
50,1,1,1,-1,2022-08-03,152,20,1,9.5,0,43.75760195447329
50,1,1,1,-1,2022-08-17,162,20,1,9.5,0,56.72118400608803
50,1,1,1,-1,2022-09-01,165,20,1,9.5,0,96.24707381721886
50,1,1,1,-1,2023-02-08,173,20,1,9.5,0,35.49423341205185
50,1,1,1,-1,2023-02-16,177,20,1,9.5,0,12.304235175518173
50,1,1,1,-1,2023-03-09,187,20,1,9.5,0,19.82361055800519
50,1,1,1,-1,2023-03-16,191,20,1,9.5,0,16.33738724741424
50,1,1,1,-1,2023-03-23,195,20,1,9.5,0,19.28993843985107
50,1,1,1,-1,2023-03-30,199,20,1,9.5,0,13.09902036951927
50,1,1,1,-1,2023-04-06,202,20,1,9.5,0,60.17938208019855
50,1,1,1,-1,2023-04-14,205,20,1,9.5,0,13.510281039179521
51,-1,1,1,1,2022-02-25,75,0,1,9.5,1,67.64641888071603
51,-1,1,1,1,2022-03-02,78,0,1,9.5,1,115.2113359572197
51,-1,1,1,1,2022-03-10,83,0,1,9.5,1,11.81077737838758
51,-1,1,1,1,2022-03-17,85,0,1,9.5,1,179.5458992173875
51,-1,1,1,1,2022-03-24,90,0,1,9.5,1,27.089953339883674
51,-1,1,1,1,2022-04-13,100,0,1,9.5,1,181.95209645331585
51,-1,1,1,1,2022-04-20,105,0,1,9.5,1,86.32863831398835
51,-1,1,1,1,2022-04-27,109,0,1,9.5,1,101.06549508060569
51,-1,1,1,1,2022-05-11,117,0,1,9.5,1,45.213993145263274
51,-1,1,1,1,2022-06-01,126,0,1,9.5,1,67.49384916189716
51,-1,1,1,1,2022-06-13,130,0,1,9.5,1,140.22095813082328
51,-1,1,1,1,2022-06-20,133,0,1,9.5,1,207.78731144722798
51,-1,1,1,1,2022-06-22,134,0,1,9.5,1,54.5031260443472
51,-1,1,1,1,2022-07-13,143,0,1,9.5,1,45.16526070180744
51,-1,1,1,1,2022-07-20,145,0,1,9.5,1,23.10119706602154
51,-1,1,1,1,2022-07-27,149,0,1,9.5,1,24.14541216252348
51,-1,1,1,1,2022-08-03,152,0,1,9.5,1,61.47026975641449
51,-1,1,1,1,2022-08-17,162,0,1,9.5,1,37.53903136454528
51,-1,1,1,1,2022-09-01,165,0,1,9.5,1,28.34280260588352
51,-1,1,1,1,2023-02-08,173,0,1,9.5,1,23.45914923950388
51,-1,1,1,1,2023-02-16,177,0,1,9.5,1,8.520806851612086
51,-1,1,1,1,2023-03-09,187,0,1,9.5,1,9.285857990602656
51,-1,1,1,1,2023-03-16,191,0,1,9.5,1,11.984461807780338
51,-1,1,1,1,2023-03-23,195,0,1,9.5,1,25.980024852903966
51,-1,1,1,1,2023-03-30,199,0,1,9.5,1,19.44845605426116
51,-1,1,1,1,2023-04-06,202,0,1,9.5,1,30.20202768097324
52,1,1,1,1,2022-02-25,75,20,1,9.5,1,68.13515340667047
52,1,1,1,1,2022-03-02,78,20,1,9.5,1,20.09273292575713
52,1,1,1,1,2022-03-10,83,20,1,9.5,1,19.762800540369767
52,1,1,1,1,2022-03-17,85,20,1,9.5,1,132.06956944703072
52,1,1,1,1,2022-03-24,90,20,1,9.5,1,44.25456528951881
52,1,1,1,1,2022-04-13,100,20,1,9.5,1,69.52599069771883
52,1,1,1,1,2022-04-20,105,20,1,9.5,1,51.228400660155856
52,1,1,1,1,2022-04-27,109,20,1,9.5,1,119.3849399674089
52,1,1,1,1,2022-05-11,117,20,1,9.5,1,206.38124006242273
52,1,1,1,1,2022-06-01,126,20,1,9.5,1,38.60887409797217
52,1,1,1,1,2022-06-13,130,20,1,9.5,1,43.757507025922045
52,1,1,1,1,2022-06-20,133,20,1,9.5,1,66.10874510827288
52,1,1,1,1,2022-06-22,134,20,1,9.5,1,36.22063115240245
52,1,1,1,1,2022-07-13,143,20,1,9.5,1,35.36306646747997
52,1,1,1,1,2022-07-20,145,20,1,9.5,1,19.267133279782577
52,1,1,1,1,2022-07-27,149,20,1,9.5,1,164.2855764226561
52,1,1,1,1,2022-08-03,152,20,1,9.5,1,70.70826524501207
52,1,1,1,1,2022-08-17,162,20,1,9.5,1,41.65389667224133
52,1,1,1,1,2022-09-01,165,20,1,9.5,1,95.67219244640292
52,1,1,1,1,2023-02-08,173,20,1,9.5,1,15.46208672824676
52,1,1,1,1,2023-02-16,177,20,1,9.5,1,5.0273912127247975
52,1,1,1,1,2023-02-23,180,20,1,9.5,1,9.423528557501712
52,1,1,1,1,2023-03-09,187,20,1,9.5,1,3.190664546231801
52,1,1,1,1,2023-03-16,191,20,1,9.5,1,2.5792564921641725
52,1,1,1,1,2023-03-23,195,20,1,9.5,1,3.7398965078967197
52,1,1,1,1,2023-03-30,199,20,1,9.5,1,3.2203568001458684
52,1,1,1,1,2023-04-06,202,20,1,9.5,1,11.43463365008073
